survived,pclass,age,sibsp,parch,fare,adult_male,alone,sex_male,embarked_Q,embarked_S,class_Second,class_Third,who_man,who_woman,deck_B,deck_C,deck_D,deck_E,deck_F,deck_G,embark_town_Queenstown,embark_town_Southampton,alive_yes
-0.7892723355548015,0.8273772438659699,-0.5303766406838785,0.4327933656785018,-0.4736736092984604,-0.5024451714361923,True,False,True,False,True,False,True,True,False,False,False,False,False,False,False,False,True,False
1.266989801811655,0.8273772438659699,-0.25482473201211503,-0.47454519624983954,-0.4736736092984604,-0.4888542575852486,False,True,False,False,True,False,True,False,True,False,False,False,False,False,False,False,True,True
1.266989801811655,-1.5661069258891576,0.36516706249935255,0.4327933656785018,-0.4736736092984604,0.4207302360686478,False,False,False,False,True,False,False,False,True,False,True,False,False,False,False,False,True,True
-0.7892723355548015,0.8273772438659699,0.36516706249935255,-0.47454519624983954,-0.4736736092984604,-0.4863374216869257,True,True,True,False,True,False,True,True,False,False,False,False,False,False,False,False,True,False
-0.7892723355548015,0.8273772438659699,,-0.47454519624983954,-0.4736736092984604,-0.47811642890864375,True,True,True,True,False,False,True,True,False,False,False,False,False,False,False,True,False,False
-0.7892723355548015,-1.5661069258891576,1.6740386286902287,-0.47454519624983954,-0.4736736092984604,0.395813560675251,True,True,True,False,True,False,False,True,False,False,False,False,True,False,False,False,True,False
1.266989801811655,-0.3693648410115938,-1.0814804580274051,0.4327933656785018,-0.4736736092984604,-0.04295550208861426,False,False,False,False,False,True,False,False,False,False,False,False,False,False,False,False,False,True
1.266989801811655,-1.5661069258891576,1.949590537361992,-0.47454519624983954,-0.4736736092984604,-0.11384570873513637,False,True,False,False,True,False,False,False,True,False,True,False,False,False,False,False,True,True
-0.7892723355548015,0.8273772438659699,-0.6681525950197601,-0.47454519624983954,-0.4736736092984604,-0.4863374216869257,True,True,True,False,True,False,True,True,False,False,False,False,False,False,False,False,True,False
-0.7892723355548015,0.8273772438659699,-1.0814804580274051,-0.47454519624983954,-0.4736736092984604,-0.4902797934380587,False,True,False,False,True,False,True,False,False,False,False,False,False,False,False,False,True,False
1.266989801811655,-0.3693648410115938,1.7429266058581694,-0.47454519624983954,-0.4736736092984604,-0.3262666585535892,False,True,False,False,True,True,False,False,True,False,False,False,False,False,False,False,True,True
1.266989801811655,-0.3693648410115938,,-0.47454519624983954,-0.4736736092984604,-0.3866707201133388,True,True,True,False,True,True,False,True,False,False,False,False,False,False,False,False,True,True
-0.7892723355548015,0.8273772438659699,0.08961515382758917,0.4327933656785018,-0.4736736092984604,-0.2859972841804228,False,False,False,False,True,False,True,False,True,False,False,False,False,False,False,False,True,False
1.266989801811655,0.8273772438659699,,-0.47454519624983954,-0.4736736092984604,-0.5029485386158568,False,True,False,False,False,False,True,False,True,False,False,False,False,False,False,False,False,True
-0.7892723355548015,-0.3693648410115938,0.36516706249935255,-0.47454519624983954,-0.4736736092984604,-0.12491978668775715,True,True,True,False,True,True,False,True,False,False,False,False,False,False,False,False,True,False
1.266989801811655,-0.3693648410115938,0.2962790853314117,-0.47454519624983954,-0.4736736092984604,-0.3866707201133388,True,True,True,False,True,True,False,True,False,False,False,True,False,False,False,False,True,True
1.266989801811655,0.8273772438659699,-1.0125924808594644,-0.47454519624983954,-0.4736736092984604,-0.4867562231804066,False,True,False,True,False,False,True,False,False,False,False,False,False,False,False,True,False,True
1.266989801811655,-1.5661069258891576,-0.11704877767623337,-0.47454519624983954,-0.4736736092984604,0.06635974158478332,True,True,True,False,True,False,False,True,False,False,False,False,False,False,False,False,True,True
-0.7892723355548015,0.8273772438659699,,-0.47454519624983954,-0.4736736092984604,-0.5029485386158568,True,True,True,False,False,False,True,True,False,False,False,False,False,False,False,False,False,False
1.266989801811655,0.8273772438659699,,-0.47454519624983954,-0.4736736092984604,-0.48977642625839407,False,True,False,True,False,False,True,False,True,False,False,False,False,False,False,True,False,True
-0.7892723355548015,0.8273772438659699,,-0.47454519624983954,-0.4736736092984604,-0.4894421904510968,True,True,True,False,True,False,True,True,False,False,False,False,False,False,False,False,True,False
-0.7892723355548015,-1.5661069258891576,0.7096069483390568,-0.47454519624983954,-0.4736736092984604,-0.09027201697708476,True,True,True,False,False,False,False,True,False,False,False,False,False,False,False,False,False,False
1.266989801811655,0.8273772438659699,,-0.47454519624983954,-0.4736736092984604,-0.49237782784290063,False,True,False,True,False,False,True,False,True,False,False,False,False,False,False,True,False,True
-0.7892723355548015,-1.5661069258891576,0.8473829026749384,0.4327933656785018,-0.4736736092984604,0.39858208016340624,True,False,True,False,True,False,False,True,False,False,False,False,False,False,False,False,True,False
1.266989801811655,0.8273772438659699,,-0.47454519624983954,-0.4736736092984604,-0.5028639729296732,True,True,True,False,False,False,True,True,False,False,False,False,False,False,False,False,False,True
-0.7892723355548015,0.8273772438659699,-0.5992646178518193,-0.47454519624983954,-0.4736736092984604,-0.4863374216869257,True,True,True,False,True,False,True,True,False,False,False,False,False,False,False,False,True,False
-0.7892723355548015,0.8273772438659699,-0.8059285493556418,1.340131927606843,-0.4736736092984604,-0.2859972841804228,False,False,False,False,True,False,True,False,True,False,False,False,False,False,False,False,True,False
1.266989801811655,0.8273772438659699,-1.0814804580274051,0.4327933656785018,-0.4736736092984604,-0.42207354059350805,False,False,False,False,False,False,True,False,False,False,False,False,False,False,False,False,False,True
-0.7892723355548015,0.8273772438659699,0.7096069483390568,0.4327933656785018,-0.4736736092984604,-0.4576454924460446,False,False,False,False,True,False,True,False,True,False,False,False,False,False,False,False,True,False
-0.7892723355548015,-0.3693648410115938,-0.1859367548441742,0.4327933656785018,-0.4736736092984604,-0.22559322262067316,False,False,False,False,True,True,False,False,True,False,False,False,False,False,False,False,True,False
-0.7892723355548015,0.8273772438659699,,-0.47454519624983954,-0.4736736092984604,-0.4894421904510968,True,True,True,False,False,False,True,True,False,False,False,False,False,False,False,False,False,False
1.266989801811655,0.8273772438659699,-0.7370405721877009,-0.47454519624983954,-0.4736736092984604,-0.48977642625839407,False,True,False,True,False,False,True,False,True,False,False,False,False,False,False,True,False,True
-0.7892723355548015,0.8273772438659699,,-0.47454519624983954,-0.4736736092984604,-0.4863374216869257,True,True,True,False,True,False,True,True,False,False,False,False,False,False,False,False,True,False
-0.7892723355548015,0.8273772438659699,,0.4327933656785018,-0.4736736092984604,-0.3363340021468808,True,False,True,True,False,False,True,True,False,False,False,False,False,False,False,True,False,False
1.266989801811655,0.8273772438659699,,-0.47454519624983954,-0.4736736092984604,-0.49237782784290063,False,True,False,True,False,False,True,False,True,False,False,False,False,False,False,True,False,True
-0.7892723355548015,0.8273772438659699,,1.340131927606843,-0.4736736092984604,-0.21191774308354583,True,False,True,False,False,False,True,True,False,False,False,False,False,False,False,False,False,False
-0.7892723355548015,0.8273772438659699,-0.8059285493556418,0.4327933656785018,-0.4736736092984604,-0.29002422161773944,False,False,False,False,True,False,True,False,True,False,False,False,False,False,False,False,True,False
-0.7892723355548015,0.8273772438659699,-0.5992646178518193,-0.47454519624983954,-0.4736736092984604,-0.4913710934835715,True,True,True,False,True,False,True,True,False,False,False,False,False,False,False,False,True,False
1.266989801811655,-0.3693648410115938,-0.04816080050829252,0.4327933656785018,-0.4736736092984604,-0.12491978668775715,False,False,False,False,True,True,False,False,True,False,False,False,False,False,False,False,True,True
1.266989801811655,-1.5661069258891576,,-0.47454519624983954,-0.4736736092984604,0.06635974158478332,True,True,True,False,True,False,False,True,False,False,True,False,False,False,False,False,True,True
1.266989801811655,-0.3693648410115938,-0.5992646178518193,-0.47454519624983954,-0.4736736092984604,-0.43700743807979686,False,True,False,False,True,True,False,False,True,False,False,False,False,False,False,False,True,True
-0.7892723355548015,0.8273772438659699,-0.08260478909226295,-0.47454519624983954,-0.4736736092984604,-0.5028639729296732,True,True,True,False,False,False,True,True,False,False,False,False,False,False,False,False,False,False
-0.7892723355548015,0.8273772438659699,-0.5303766406838785,-0.47454519624983954,-0.4736736092984604,-0.5028639729296732,True,True,True,False,False,False,True,True,False,False,False,False,False,False,False,False,False,False
-0.7892723355548015,-1.5661069258891576,,-0.47454519624983954,-0.4736736092984604,-0.09027201697708476,True,True,True,False,False,False,False,True,False,False,False,False,False,False,False,False,False,False
1.266989801811655,-0.3693648410115938,-0.04816080050829252,-0.47454519624983954,-0.4736736092984604,-0.43700743807979686,False,True,False,False,True,True,False,False,True,False,False,False,False,True,False,False,True,True
-0.7892723355548015,0.8273772438659699,-0.7370405721877009,-0.47454519624983954,-0.4736736092984604,-0.4841568350646187,True,True,True,False,True,False,True,True,False,False,False,False,False,False,False,False,True,False
-0.7892723355548015,0.8273772438659699,-0.25482473201211503,1.340131927606843,-0.4736736092984604,-0.47400492578514347,True,False,True,False,True,False,True,True,False,False,False,False,False,False,False,False,True,False
-0.7892723355548015,-0.3693648410115938,0.15850313099553,-0.47454519624983954,-0.4736736092984604,-0.43700743807979686,True,True,True,False,True,True,False,True,False,False,False,False,False,False,False,False,True,False
-0.7892723355548015,0.8273772438659699,-0.25482473201211503,0.4327933656785018,-0.4736736092984604,-0.3573908580066095,True,False,True,False,False,False,True,True,False,False,False,False,False,False,False,False,False,False
1.266989801811655,0.8273772438659699,0.15850313099553,-0.47454519624983954,-0.4736736092984604,0.48910360681684706,True,True,True,False,True,False,True,True,False,False,False,False,False,False,False,False,True,True
-0.7892723355548015,0.8273772438659699,-0.3237127091800559,-0.47454519624983954,-0.4736736092984604,-0.494391296561559,True,True,True,False,True,False,True,True,False,False,False,False,False,True,False,False,True,False
-0.7892723355548015,0.8273772438659699,,-0.47454519624983954,-0.4736736092984604,-0.4894421904510968,True,True,True,False,True,False,True,True,False,False,False,False,False,False,False,False,True,False
-0.7892723355548015,0.8273772438659699,,-0.47454519624983954,-0.4736736092984604,-0.4863374216869257,True,True,True,False,True,False,True,True,False,False,False,False,False,False,False,False,True,False
1.266989801811655,0.8273772438659699,0.020727176659648322,-0.47454519624983954,-0.4736736092984604,-0.397241430886295,False,True,False,False,True,False,True,False,True,False,False,False,False,False,False,False,True,True
-0.7892723355548015,0.8273772438659699,-0.5303766406838785,-0.47454519624983954,-0.4736736092984604,-0.46720946885967163,True,True,True,False,True,False,True,True,False,False,False,False,False,False,False,False,True,False
1.266989801811655,0.8273772438659699,-0.04816080050829252,-0.47454519624983954,-0.4736736092984604,-0.45714212526638004,True,True,True,False,True,False,True,True,False,False,False,False,False,False,False,False,True,True
1.266989801811655,0.8273772438659699,,-0.47454519624983954,-0.4736736092984604,-0.49162277707340374,False,True,False,True,False,False,True,False,True,False,False,False,False,False,False,True,False,True
-0.7892723355548015,-1.5661069258891576,-0.11704877767623337,-0.47454519624983954,-0.4736736092984604,0.29992211294914856,True,True,True,False,True,False,False,True,False,False,False,False,False,False,False,False,True,False
1.266989801811655,-0.3693648410115938,-0.8748165265235827,-0.47454519624983954,-0.4736736092984604,-0.43700743807979686,False,True,False,False,True,True,False,False,True,False,False,False,False,False,False,False,True,True
-0.7892723355548015,0.8273772438659699,,-0.47454519624983954,-0.4736736092984604,-0.4863374216869257,True,True,True,False,True,False,True,True,False,False,False,False,False,False,False,False,True,False
-0.7892723355548015,0.8273772438659699,-0.3926006863479967,-0.47454519624983954,-0.4736736092984604,-0.4863374216869257,True,True,True,False,True,False,True,True,False,False,False,False,False,False,False,False,True,False
-0.7892723355548015,0.8273772438659699,-0.04816080050829252,-0.47454519624983954,-0.4736736092984604,-0.4863374216869257,True,True,True,False,True,False,True,True,False,False,False,False,False,False,False,False,True,False
-0.7892723355548015,0.8273772438659699,-0.6681525950197601,-0.47454519624983954,-0.4736736092984604,-0.4902797934380587,True,True,True,False,True,False,True,True,False,False,False,False,False,False,False,False,True,False
-0.7892723355548015,-1.5661069258891576,1.122934811346702,0.4327933656785018,-0.4736736092984604,0.5833178351003071,True,False,True,False,True,False,False,True,False,False,False,False,True,False,False,False,True,False
-0.7892723355548015,0.8273772438659699,2.018478514529933,-0.47454519624983954,-0.4736736092984604,-0.5024451714361923,True,True,True,False,True,False,True,True,False,False,False,False,False,False,False,False,True,False
-0.7892723355548015,0.8273772438659699,,-0.47454519624983954,-0.4736736092984604,-0.4863374216869257,True,True,True,False,True,False,True,True,False,False,False,False,False,False,False,False,True,False
-0.7892723355548015,-0.3693648410115938,0.2962790853314117,0.4327933656785018,-0.4736736092984604,-0.12491978668775715,True,False,True,False,True,True,False,True,False,False,False,False,False,False,False,False,True,False
-0.7892723355548015,0.8273772438659699,-0.11704877767623337,-0.47454519624983954,-0.4736736092984604,-0.4894421904510968,False,True,False,False,True,False,True,False,True,False,False,False,False,False,False,False,True,False
-0.7892723355548015,0.8273772438659699,,-0.47454519624983954,-0.4736736092984604,-0.4894421904510968,True,True,True,False,True,False,True,True,False,False,False,False,False,False,False,False,True,False
-0.7892723355548015,0.8273772438659699,0.22739110816347086,-0.47454519624983954,-0.4736736092984604,-0.4741720436887921,True,True,True,False,True,False,True,True,False,False,False,False,False,False,False,False,True,False
-0.7892723355548015,0.8273772438659699,0.5029430168352342,1.340131927606843,-0.4736736092984604,-0.4888542575852486,True,False,True,False,True,False,True,True,False,False,False,False,False,False,False,False,True,False
-0.7892723355548015,0.8273772438659699,-0.11704877767623337,-0.47454519624983954,-0.4736736092984604,-0.4894421904510968,True,True,True,False,True,False,True,True,False,False,False,False,False,False,False,False,True,False
1.266989801811655,0.8273772438659699,-0.5992646178518193,-0.47454519624983954,-0.4736736092984604,-0.494391296561559,False,True,False,False,True,False,True,False,True,False,False,False,False,False,False,False,True,True
1.266989801811655,0.8273772438659699,,-0.47454519624983954,-0.4736736092984604,-0.4918744606632361,True,True,True,False,True,False,True,True,False,False,False,False,False,False,False,False,True,True
-0.7892723355548015,0.8273772438659699,0.571830994003175,-0.47454519624983954,-0.4736736092984604,-0.4894421904510968,True,True,True,False,True,False,True,True,False,False,False,False,False,False,False,False,True,False
1.266989801811655,0.8273772438659699,,0.4327933656785018,-0.4736736092984604,-0.1621689579829361,False,False,False,True,False,False,True,False,True,False,False,False,False,False,False,True,False,True
-0.7892723355548015,-1.5661069258891576,1.1918227885146426,-0.47454519624983954,-0.4736736092984604,0.39858208016340624,True,True,True,False,True,False,False,True,False,False,True,False,False,False,False,False,True,False
-0.7892723355548015,0.8273772438659699,-1.0470364694434349,0.4327933656785018,-0.4736736092984604,-0.3573908580066095,False,False,False,False,False,False,True,False,False,False,False,False,False,False,False,False,False,False
-0.7892723355548015,0.8273772438659699,-0.5303766406838785,-0.47454519624983954,-0.4736736092984604,-0.4863374216869257,True,True,True,False,True,False,True,True,False,False,False,False,False,False,False,False,True,False
-0.7892723355548015,0.8273772438659699,-0.6681525950197601,0.4327933656785018,-0.4736736092984604,-0.4505983519307405,False,False,False,False,True,False,True,False,True,False,False,False,False,False,False,False,True,False
-0.7892723355548015,0.8273772438659699,-0.8748165265235827,-0.47454519624983954,-0.4736736092984604,-0.3573083057891445,False,True,False,False,False,False,True,False,True,False,False,False,False,False,False,False,False,False
-0.7892723355548015,0.8273772438659699,-0.5992646178518193,-0.47454519624983954,-0.4736736092984604,-0.4888542575852486,True,True,True,False,True,False,True,True,False,False,False,False,False,False,False,False,True,False
-0.7892723355548015,-0.3693648410115938,-0.04816080050829252,0.4327933656785018,-0.4736736092984604,-0.22559322262067316,True,False,True,False,True,True,False,True,False,False,False,False,False,False,False,False,True,False
-0.7892723355548015,0.8273772438659699,,-0.47454519624983954,-0.4736736092984604,-0.4863374216869257,True,True,True,False,True,False,True,True,False,False,False,False,False,False,False,False,True,False
-0.7892723355548015,-0.3693648410115938,0.19294711957950042,0.4327933656785018,-0.4736736092984604,-0.04295550208861426,True,False,True,False,False,True,False,True,False,False,False,False,False,False,False,False,False,False
1.266989801811655,-0.3693648410115938,0.19294711957950042,-0.47454519624983954,-0.4736736092984604,-0.3866707201133388,False,True,False,False,True,True,False,False,True,False,False,False,True,False,False,False,True,True
1.266989801811655,0.8273772438659699,-1.219256412363287,0.4327933656785018,-0.4736736092984604,-0.42207354059350805,False,False,True,False,False,False,True,False,False,False,False,False,False,False,False,False,False,True
-0.7892723355548015,0.8273772438659699,,-0.47454519624983954,-0.4736736092984604,-0.49237782784290063,True,True,True,True,False,False,True,True,False,False,False,False,False,False,False,True,False,False
1.266989801811655,0.8273772438659699,-0.3926006863479967,-0.47454519624983954,-0.4736736092984604,-0.5046257580584992,True,True,True,False,True,False,True,True,False,False,False,False,False,False,False,False,True,True
-0.7892723355548015,0.8273772438659699,1.054046834178761,-0.47454519624983954,-0.4736736092984604,-0.5079822104125026,True,True,True,False,True,False,True,True,False,False,False,False,False,False,False,False,True,False
-0.7892723355548015,0.8273772438659699,0.22739110816347086,-0.47454519624983954,-0.4736736092984604,-0.4894421904510968,True,True,True,False,False,False,True,True,False,False,False,False,False,False,False,False,False,False
-0.7892723355548015,0.8273772438659699,-0.6681525950197601,-0.47454519624983954,-0.4736736092984604,-0.5064721088735089,True,True,True,False,True,False,True,True,False,False,False,False,False,False,False,False,True,False
-0.7892723355548015,0.8273772438659699,1.1918227885146426,0.4327933656785018,-0.4736736092984604,-0.35646868933346404,False,False,False,False,True,False,True,False,True,False,False,False,False,False,False,False,True,False
1.266989801811655,-0.3693648410115938,-0.04816080050829252,0.4327933656785018,-0.4736736092984604,-0.12491978668775715,False,False,False,False,True,True,False,False,True,False,False,False,False,False,False,False,True,True
-0.7892723355548015,-0.3693648410115938,-0.3237127091800559,-0.47454519624983954,-0.4736736092984604,-0.3866707201133388,True,True,True,False,True,True,False,True,False,False,False,False,False,False,False,False,True,False
-0.7892723355548015,-0.3693648410115938,-0.4614886635159376,-0.47454519624983954,-0.4736736092984604,-0.3454791770670269,True,True,True,False,False,True,False,True,False,False,False,False,False,False,False,False,False,False
-0.7892723355548015,-1.5661069258891576,0.5029430168352342,0.4327933656785018,-0.4736736092984604,0.4207302360686478,True,False,True,False,True,False,False,True,False,False,True,False,False,False,False,False,True,False
-0.7892723355548015,0.8273772438659699,-0.9437045036915235,-0.47454519624983954,-0.4736736092984604,-0.4628462821463391,True,True,True,False,True,False,True,True,False,False,False,False,False,False,False,False,True,False
1.266989801811655,0.8273772438659699,-0.5303766406838785,-0.47454519624983954,-0.4736736092984604,-0.49237782784290063,False,True,False,False,True,False,True,False,True,False,False,False,False,False,False,False,True,True
1.266989801811655,0.8273772438659699,-0.3926006863479967,0.4327933656785018,-0.4736736092984604,-0.32928686163157667,False,False,False,False,True,False,True,False,True,False,False,False,False,False,False,False,True,True
-0.7892723355548015,0.8273772438659699,-0.7370405721877009,-0.47454519624983954,-0.4736736092984604,-0.5125125150294839,True,True,True,True,False,False,True,True,False,False,False,False,False,False,False,True,False,False
-0.7892723355548015,-0.3693648410115938,-0.8059285493556418,-0.47454519624983954,-0.4736736092984604,-0.41687275089321363,True,True,True,False,True,True,False,True,False,False,False,False,False,False,False,False,True,False
1.266989801811655,0.8273772438659699,-0.1859367548441742,-0.47454519624983954,-0.4736736092984604,-0.49145565916975514,True,True,True,False,True,False,True,True,False,False,False,False,False,False,False,False,True,True
-0.7892723355548015,-0.3693648410115938,0.8473829026749384,-0.47454519624983954,-0.4736736092984604,-0.3866707201133388,True,True,True,False,True,True,False,True,False,False,False,False,False,False,False,False,True,False
-0.7892723355548015,-0.3693648410115938,1.4673746971864061,-0.47454519624983954,-0.4736736092984604,-0.39623469652696586,True,True,True,False,True,True,False,True,False,False,False,False,False,False,False,False,True,False
-0.7892723355548015,0.8273772438659699,1.7773705944421399,-0.47454519624983954,-0.4736736092984604,-0.4863374216869257,True,True,True,False,True,False,True,True,False,False,False,False,False,False,False,False,True,False
-0.7892723355548015,0.8273772438659699,,-0.47454519624983954,-0.4736736092984604,-0.5011867534870308,True,True,True,False,True,False,True,True,False,False,False,False,False,False,False,False,True,False
1.266989801811655,0.8273772438659699,-0.9437045036915235,-0.47454519624983954,-0.4736736092984604,-0.49271407711891657,False,True,False,True,False,False,True,False,True,False,False,False,False,False,False,True,False,True
-0.7892723355548015,0.8273772438659699,0.020727176659648322,-0.47454519624983954,-0.4736736092984604,-0.4863374216869257,True,True,True,False,True,False,True,True,False,False,False,False,False,False,False,False,True,False
-0.7892723355548015,0.8273772438659699,,-0.47454519624983954,-0.4736736092984604,-0.47400492578514347,True,True,True,False,True,False,True,True,False,False,False,False,False,False,False,False,True,False
1.266989801811655,-0.3693648410115938,0.7096069483390568,-0.47454519624983954,-0.4736736092984604,-0.331300330350235,False,True,False,False,True,True,False,False,True,False,False,False,False,False,False,False,True,True
-0.7892723355548015,0.8273772438659699,-0.25482473201211503,-0.47454519624983954,-0.4736736092984604,-0.4918744606632361,True,True,True,False,True,False,True,True,False,False,False,False,False,False,False,False,True,False
-0.7892723355548015,0.8273772438659699,-0.8748165265235827,-0.47454519624983954,-0.4736736092984604,-0.47400492578514347,True,True,True,False,True,False,True,True,False,False,False,False,False,False,False,False,True,False
-0.7892723355548015,-1.5661069258891576,,-0.47454519624983954,-0.4736736092984604,-0.12642988822675086,True,True,True,False,True,False,False,True,False,False,False,False,False,False,False,False,True,False
-0.7892723355548015,0.8273772438659699,-0.11704877767623337,-0.47454519624983954,-0.4736736092984604,0.48910360681684706,True,True,True,False,True,False,True,True,False,False,False,False,False,False,False,False,True,False
-0.7892723355548015,-1.5661069258891576,2.1562544688658143,-0.47454519624983954,-0.4736736092984604,0.026090367211616904,True,True,True,False,True,False,False,True,False,True,False,False,False,False,False,False,True,False
-0.7892723355548015,0.8273772438659699,-0.5992646178518193,-0.47454519624983954,-0.4736736092984604,-0.4888542575852486,True,True,True,False,True,False,True,True,False,False,False,False,False,False,False,False,True,False
-0.7892723355548015,-1.5661069258891576,1.8118145830261103,-0.47454519624983954,-0.4736736092984604,-0.030371322596999754,True,True,True,False,False,False,False,True,False,False,False,False,False,False,False,False,False,False
-0.7892723355548015,-1.5661069258891576,1.3984867200184652,-0.47454519624983954,-0.4736736092984604,-0.07030444769415023,False,True,False,False,False,False,False,False,True,False,True,False,False,False,False,False,False,False
-0.7892723355548015,-0.3693648410115938,0.020727176659648322,-0.47454519624983954,-0.4736736092984604,-0.3866707201133388,True,True,True,False,True,True,False,True,False,False,False,False,False,False,False,False,True,False
-0.7892723355548015,0.8273772438659699,0.43405503966729336,-0.47454519624983954,-0.4736736092984604,-0.6484216535389205,True,True,True,False,True,False,True,True,False,False,False,False,False,False,False,False,True,False
-0.7892723355548015,-0.3693648410115938,,-0.47454519624983954,-0.4736736092984604,-0.34539461138084326,True,True,True,False,False,True,False,True,False,False,False,False,False,False,False,False,False,False
-0.7892723355548015,-1.5661069258891576,,-0.47454519624983954,-0.4736736092984604,0.3583127057902398,True,True,True,False,True,False,False,True,False,False,False,False,False,False,False,False,True,False
1.266989801811655,0.8273772438659699,,0.4327933656785018,-0.4736736092984604,-0.3363340021468808,False,False,False,True,False,False,True,False,True,False,False,False,False,False,False,True,False,True
1.266989801811655,-1.5661069258891576,1.054046834178761,-0.47454519624983954,-0.4736736092984604,-0.11384570873513637,True,True,True,False,True,False,False,True,False,False,False,False,False,False,False,False,True,True
-0.7892723355548015,0.8273772438659699,0.43405503966729336,-0.47454519624983954,-0.4736736092984604,-0.4894421904510968,True,True,True,False,True,False,True,True,False,False,False,False,False,False,False,False,True,False
1.266989801811655,-0.3693648410115938,0.15850313099553,-0.47454519624983954,-0.4736736092984604,-0.3866707201133388,False,True,False,False,True,True,False,False,True,False,False,False,False,False,False,False,True,True
-0.7892723355548015,-0.3693648410115938,-0.7370405721877009,-0.47454519624983954,-0.4736736092984604,-0.3866707201133388,True,True,True,False,True,True,False,True,False,False,False,False,False,False,False,False,True,False
1.266989801811655,0.8273772438659699,-0.7370405721877009,0.4327933656785018,-0.4736736092984604,-0.4902797934380587,False,False,False,False,True,False,True,False,True,False,False,False,False,False,False,False,True,True
1.266989801811655,-1.5661069258891576,0.9851588570108202,-0.47454519624983954,-0.4736736092984604,-0.09027201697708476,False,True,False,False,False,False,False,False,True,True,False,False,False,False,False,False,False,True
-0.7892723355548015,0.8273772438659699,,-0.47454519624983954,-0.4736736092984604,-0.49237782784290063,True,True,True,True,False,False,True,True,False,False,False,False,False,False,False,True,False,False
1.266989801811655,0.8273772438659699,,-0.47454519624983954,-0.4736736092984604,-0.49237782784290063,False,True,False,True,False,False,True,False,True,False,False,False,False,False,False,True,False,True
-0.7892723355548015,-0.3693648410115938,-0.3926006863479967,-0.47454519624983954,-0.4736736092984604,-0.3866707201133388,False,True,False,False,True,True,False,False,True,False,False,False,False,False,False,False,True,False
-0.7892723355548015,0.8273772438659699,-0.11704877767623337,-0.47454519624983954,-0.4736736092984604,-0.45714212526638004,True,True,True,False,True,False,True,True,False,False,False,False,False,False,False,False,True,False
-0.7892723355548015,0.8273772438659699,0.2962790853314117,-0.47454519624983954,-0.4736736092984604,-0.5176307525123133,True,True,True,False,True,False,True,True,False,False,False,False,False,False,False,False,True,False
-0.7892723355548015,0.8273772438659699,1.0884908227627315,-0.47454519624983954,-0.4736736092984604,-0.5029485386158568,True,True,True,False,False,False,True,True,False,False,False,False,False,False,False,False,False,False
1.266989801811655,0.8273772438659699,-0.8059285493556418,-0.47454519624983954,-0.4736736092984604,-0.4863374216869257,True,True,True,False,True,False,True,True,False,False,False,False,False,False,False,False,True,True
-0.7892723355548015,0.8273772438659699,0.15850313099553,0.4327933656785018,-0.4736736092984604,-0.32928686163157667,True,False,True,False,True,False,True,True,False,False,False,False,False,False,False,False,True,False
1.266989801811655,0.8273772438659699,-0.25482473201211503,-0.47454519624983954,-0.4736736092984604,-0.2701412180209885,True,True,True,False,False,False,True,True,False,False,False,False,False,False,False,False,False,True
1.266989801811655,0.8273772438659699,-0.9437045036915235,-0.47454519624983954,-0.4736736092984604,-0.49237782784290063,False,True,False,True,False,False,True,False,True,False,False,False,False,False,False,True,False,True
1.266989801811655,-1.5661069258891576,0.7096069483390568,-0.47454519624983954,-0.4736736092984604,-0.024246350754841113,True,True,True,False,False,False,False,True,False,False,False,False,False,False,False,False,False,True
-0.7892723355548015,0.8273772438659699,-0.3926006863479967,-0.47454519624983954,-0.4736736092984604,-0.5064721088735089,True,True,True,False,True,False,True,True,False,False,False,False,False,False,False,False,True,False
1.266989801811655,-0.3693648410115938,0.36516706249935255,-0.47454519624983954,-0.4736736092984604,-0.22559322262067316,False,True,False,False,True,True,False,False,True,False,False,False,False,False,False,False,True,True
-0.7892723355548015,0.8273772438659699,-0.5303766406838785,-0.47454519624983954,-0.4736736092984604,-0.5024451714361923,True,True,True,False,True,False,True,True,False,False,False,False,False,False,False,False,True,False
-0.7892723355548015,-0.3693648410115938,0.020727176659648322,-0.47454519624983954,-0.4736736092984604,-0.3866707201133388,True,True,True,False,True,True,False,True,False,False,False,False,False,False,False,False,True,False
-0.7892723355548015,0.8273772438659699,,0.4327933656785018,-0.4736736092984604,-0.49237782784290063,True,False,True,True,False,False,True,True,False,False,False,False,False,False,False,True,False,False
1.266989801811655,0.8273772438659699,-0.1859367548441742,-0.47454519624983954,-0.4736736092984604,-0.4888542575852486,False,True,False,False,True,False,True,False,True,False,False,False,False,False,False,False,True,True
-0.7892723355548015,-0.3693648410115938,0.8473829026749384,0.4327933656785018,-0.4736736092984604,-0.10478509950117394,True,False,True,False,True,True,False,True,False,False,False,False,False,False,False,False,True,False
-0.7892723355548015,-0.3693648410115938,0.020727176659648322,-0.47454519624983954,-0.4736736092984604,-0.43700743807979686,True,True,True,False,True,True,False,True,False,False,False,False,False,False,False,False,True,False
1.266989801811655,0.8273772438659699,-0.9437045036915235,-0.47454519624983954,-0.4736736092984604,-0.4863374216869257,True,True,True,False,True,False,True,True,False,False,False,False,False,False,False,False,True,True
-0.7892723355548015,-0.3693648410115938,-0.1859367548441742,-0.47454519624983954,-0.4736736092984604,-0.3866707201133388,True,True,True,False,True,True,False,True,False,False,False,False,False,False,False,False,True,False
-0.7892723355548015,0.8273772438659699,1.4673746971864061,-0.47454519624983954,-0.4736736092984604,-0.4863374216869257,True,True,True,False,True,False,True,True,False,False,False,False,False,False,False,False,True,False
-0.7892723355548015,0.8273772438659699,,-0.47454519624983954,-0.4736736092984604,-0.4894421904510968,True,True,True,False,True,False,True,True,False,False,False,False,False,False,False,False,True,False
-0.7892723355548015,0.8273772438659699,-0.5303766406838785,-0.47454519624983954,-0.4736736092984604,-0.4601623283443675,True,True,True,False,True,False,True,True,False,False,False,False,False,False,False,False,True,False
1.266989801811655,-0.3693648410115938,-0.7370405721877009,-0.47454519624983954,-0.4736736092984604,-0.43700743807979686,True,True,True,False,True,True,False,True,False,False,False,False,False,False,False,False,True,True
-0.7892723355548015,0.8273772438659699,-0.6337086064357897,-0.47454519624983954,-0.4736736092984604,-0.5024451714361923,True,True,True,False,True,False,True,True,False,False,False,False,False,False,False,False,True,False
-0.7892723355548015,-0.3693648410115938,-0.8059285493556418,-0.47454519624983954,-0.4736736092984604,-0.3866707201133388,True,True,True,False,True,True,False,True,False,False,False,False,False,False,False,False,True,False
-0.7892723355548015,0.8273772438659699,-0.04816080050829252,-0.47454519624983954,-0.4736736092984604,-0.4918744606632361,True,True,True,False,True,False,True,True,False,False,False,False,False,False,False,False,True,False
-0.7892723355548015,-0.3693648410115938,2.018478514529933,-0.47454519624983954,-0.4736736092984604,-0.3766033765200472,True,True,True,False,True,True,False,True,False,False,False,False,False,False,False,False,True,False
-0.7892723355548015,-0.3693648410115938,-0.3926006863479967,-0.47454519624983954,-0.4736736092984604,-0.43700743807979686,True,True,True,False,True,True,False,True,False,False,False,False,False,False,False,False,True,False
-0.7892723355548015,0.8273772438659699,,-0.47454519624983954,-0.4736736092984604,-0.49640476528021726,False,True,False,False,True,False,True,False,True,False,False,False,False,False,False,False,True,False
-0.7892723355548015,-0.3693648410115938,0.9851588570108202,0.4327933656785018,-0.4736736092984604,-0.12491978668775715,True,False,True,False,True,True,False,True,False,False,False,False,False,False,False,False,True,False
-0.7892723355548015,-0.3693648410115938,-0.7370405721877009,-0.47454519624983954,-0.4736736092984604,-0.43700743807979686,True,True,True,False,True,True,False,True,False,False,False,False,False,False,False,False,True,False
-0.7892723355548015,-0.3693648410115938,0.22739110816347086,-0.47454519624983954,-0.4736736092984604,-0.4012683683236117,True,True,True,False,True,True,False,True,False,False,False,False,False,False,False,False,True,False
-0.7892723355548015,0.8273772438659699,,0.4327933656785018,-0.4736736092984604,-0.3573908580066095,False,False,False,False,False,False,True,False,True,False,False,False,False,False,False,False,False,False
1.266989801811655,0.8273772438659699,,0.4327933656785018,-0.4736736092984604,-0.3363340021468808,False,False,False,True,False,False,True,False,True,False,False,False,False,False,False,True,False,True
-0.7892723355548015,-0.3693648410115938,-0.04816080050829252,-0.47454519624983954,-0.4736736092984604,-0.43700743807979686,True,True,True,False,True,True,False,True,False,False,False,False,False,False,False,False,True,False
-0.7892723355548015,0.8273772438659699,-0.5303766406838785,-0.47454519624983954,-0.4736736092984604,-0.5049620073345151,True,True,True,False,True,False,True,True,False,False,False,False,False,False,False,False,True,False
-0.7892723355548015,0.8273772438659699,0.020727176659648322,-0.47454519624983954,-0.4736736092984604,-0.5029485386158568,True,True,True,False,False,False,True,True,False,False,False,False,False,False,False,False,False,False
-0.7892723355548015,0.8273772438659699,-0.3237127091800559,-0.47454519624983954,-0.4736736092984604,-0.4918744606632361,False,True,False,False,True,False,True,False,True,False,False,False,False,False,False,False,True,False
-0.7892723355548015,-0.3693648410115938,1.6740386286902287,0.4327933656785018,-0.4736736092984604,-0.12491978668775715,True,False,True,False,True,True,False,True,False,False,False,False,False,False,False,False,True,False
-0.7892723355548015,0.8273772438659699,,-0.47454519624983954,-0.4736736092984604,-0.5024451714361923,True,True,True,False,True,False,True,True,False,False,False,False,False,False,False,False,True,False
-0.7892723355548015,-1.5661069258891576,2.225142446033755,-0.47454519624983954,-0.4736736092984604,-0.11384570873513637,True,True,True,False,True,False,False,True,False,False,True,False,False,False,False,False,True,False
-0.7892723355548015,0.8273772438659699,0.020727176659648322,0.4327933656785018,-0.4736736092984604,-0.32425318983493084,True,False,True,False,True,False,True,True,False,False,False,False,False,False,False,False,True,False
-0.7892723355548015,0.8273772438659699,,-0.47454519624983954,-0.4736736092984604,-0.49237782784290063,True,True,True,True,False,False,True,True,False,False,False,False,False,False,False,True,False,False
-0.7892723355548015,-1.5661069258891576,0.7096069483390568,-0.47454519624983954,-0.4736736092984604,-0.6484216535389205,True,True,True,False,True,False,False,True,False,True,False,False,False,False,False,False,True,False
-0.7892723355548015,0.8273772438659699,,-0.47454519624983954,-0.4736736092984604,-0.49237782784290063,False,True,False,True,False,False,True,False,True,False,False,False,False,False,False,True,False,False
-0.7892723355548015,-0.3693648410115938,0.43405503966729336,-0.47454519624983954,-0.4736736092984604,-0.43700743807979686,True,True,True,False,True,True,False,True,False,False,False,False,False,False,False,False,True,False
1.266989801811655,0.8273772438659699,-0.3237127091800559,0.4327933656785018,-0.4736736092984604,-0.4918744606632361,True,False,True,False,True,False,True,True,False,False,False,False,False,False,False,False,True,True
-0.7892723355548015,-1.5661069258891576,,-0.47454519624983954,-0.4736736092984604,-0.024246350754841113,True,True,True,False,True,False,False,True,False,False,False,False,False,False,False,False,True,False
1.266989801811655,0.8273772438659699,-0.3237127091800559,-0.47454519624983954,-0.4736736092984604,-0.6484216535389205,True,True,True,False,True,False,True,True,False,False,False,False,False,False,False,False,True,True
1.266989801811655,0.8273772438659699,,-0.47454519624983954,-0.4736736092984604,-0.49237782784290063,False,True,False,True,False,False,True,False,True,False,False,False,False,False,False,True,False,True
-0.7892723355548015,0.8273772438659699,1.054046834178761,-0.47454519624983954,-0.4736736092984604,-0.49237782784290063,False,True,False,False,True,False,True,False,True,False,False,False,False,False,False,False,True,False
-0.7892723355548015,-0.3693648410115938,,-0.47454519624983954,-0.4736736092984604,-0.6484216535389205,True,True,True,False,True,True,False,True,False,False,False,False,False,False,False,False,True,False
-0.7892723355548015,0.8273772438659699,-0.11704877767623337,-0.47454519624983954,-0.4736736092984604,-0.4902797934380587,True,True,True,False,True,False,True,True,False,False,False,False,False,False,False,False,True,False
-0.7892723355548015,0.8273772438659699,-0.9437045036915235,-0.47454519624983954,-0.4736736092984604,-0.45714212526638004,True,True,True,False,True,False,True,True,False,False,False,False,False,False,False,False,True,False
1.266989801811655,0.8273772438659699,-0.7370405721877009,-0.47454519624983954,-0.4736736092984604,-0.4863374216869257,True,True,True,False,True,False,True,True,False,False,False,False,False,False,False,False,True,True
-0.7892723355548015,-1.5661069258891576,,-0.47454519624983954,-0.4736736092984604,-0.12491978668775715,True,True,True,False,True,False,False,True,False,False,False,False,False,False,False,False,True,False
-0.7892723355548015,0.8273772438659699,0.22739110816347086,-0.47454519624983954,-0.4736736092984604,-0.47400492578514347,True,True,True,False,False,False,True,True,False,False,False,False,False,False,False,False,False,False
1.266989801811655,0.8273772438659699,0.020727176659648322,-0.47454519624983954,-0.4736736092984604,-0.45714212526638004,True,True,True,False,True,False,True,True,False,False,False,False,False,False,False,False,True,True
-0.7892723355548015,0.8273772438659699,-0.5303766406838785,-0.47454519624983954,-0.4736736092984604,-0.4894421904510968,True,True,True,False,True,False,True,True,False,False,False,False,False,False,False,False,True,False
1.266989801811655,-0.3693648410115938,0.8473829026749384,-0.47454519624983954,-0.4736736092984604,-0.3866707201133388,True,True,True,False,True,True,False,True,False,False,False,False,False,False,False,False,True,True
1.266989801811655,0.8273772438659699,-0.5303766406838785,-0.47454519624983954,-0.4736736092984604,-0.49237782784290063,False,True,False,True,False,False,True,False,True,False,False,False,False,False,False,True,False,True
-0.7892723355548015,-0.3693648410115938,0.43405503966729336,-0.47454519624983954,-0.4736736092984604,-0.3891875560116617,True,True,True,False,False,True,False,True,False,False,False,True,False,False,False,False,False,False
-0.7892723355548015,0.8273772438659699,-0.3926006863479967,-0.47454519624983954,-0.4736736092984604,-0.4702296719376591,False,True,False,False,True,False,True,False,True,False,False,False,False,False,False,False,True,False
-0.7892723355548015,0.8273772438659699,-0.3926006863479967,-0.47454519624983954,-0.4736736092984604,-0.4894421904510968,True,True,True,False,True,False,True,True,False,False,False,False,False,False,False,False,True,False
-0.7892723355548015,-1.5661069258891576,,-0.47454519624983954,-0.4736736092984604,-0.09027201697708476,True,True,True,False,False,False,False,True,False,False,False,False,False,False,False,False,False,False
-0.7892723355548015,0.8273772438659699,-0.4270446749319672,-0.47454519624983954,-0.4736736092984604,-0.5028639729296732,True,True,True,False,False,False,True,True,False,False,False,False,False,False,False,False,False,False
1.266989801811655,-1.5661069258891576,,-0.47454519624983954,-0.4736736092984604,-0.034313694348132716,True,True,True,False,True,False,False,True,False,False,True,False,False,False,False,False,True,True
1.266989801811655,0.8273772438659699,,-0.47454519624983954,-0.4736736092984604,-0.49237782784290063,False,True,False,True,False,False,True,False,True,False,False,False,False,False,False,True,False,True
1.266989801811655,0.8273772438659699,,1.340131927606843,-0.4736736092984604,-0.18029017645086096,True,False,True,True,False,False,True,True,False,False,False,False,False,False,False,True,False,True
-0.7892723355548015,0.8273772438659699,-0.7370405721877009,-0.47454519624983954,-0.4736736092984604,-0.6484216535389205,True,True,True,False,True,False,True,True,False,False,False,False,False,False,False,False,True,False
1.266989801811655,-0.3693648410115938,,-0.47454519624983954,-0.4736736092984604,-0.3997582667846179,False,True,False,True,False,True,False,False,True,False,False,False,True,False,False,True,False,True
-0.7892723355548015,0.8273772438659699,,-0.47454519624983954,-0.4736736092984604,-0.4863374216869257,True,True,True,False,True,False,True,True,False,False,False,False,False,False,False,False,True,False
-0.7892723355548015,-0.3693648410115938,0.020727176659648322,0.4327933656785018,-0.4736736092984604,-0.16518916106092355,True,False,True,False,False,True,False,True,False,False,False,False,False,False,False,False,False,False
1.266989801811655,-1.5661069258891576,0.020727176659648322,-0.47454519624983954,-0.4736736092984604,0.49782998024351216,False,True,False,False,False,False,False,False,True,False,False,False,True,False,False,False,False,True
-0.7892723355548015,0.8273772438659699,-0.11704877767623337,-0.47454519624983954,-0.4736736092984604,-0.4894421904510968,True,True,True,False,True,False,True,True,False,False,False,False,False,False,False,False,True,False
1.266989801811655,0.8273772438659699,-0.25482473201211503,-0.47454519624983954,-0.4736736092984604,-0.4902797934380587,False,True,False,False,True,False,True,False,True,False,False,False,False,False,False,False,True,True
1.266989801811655,-0.3693648410115938,-0.3926006863479967,0.4327933656785018,-0.4736736092984604,-0.12491978668775715,False,False,False,False,True,True,False,False,True,False,False,False,False,False,False,False,True,True
-0.7892723355548015,-0.3693648410115938,1.6740386286902287,-0.47454519624983954,-0.4736736092984604,-0.36653603292675563,True,True,True,False,True,True,False,True,False,False,False,False,False,False,False,False,True,False
-0.7892723355548015,0.8273772438659699,-0.5303766406838785,-0.47454519624983954,-0.4736736092984604,-0.5024451714361923,True,True,True,False,True,False,True,True,False,False,False,False,False,False,False,False,True,False
-0.7892723355548015,0.8273772438659699,-0.1859367548441742,-0.47454519624983954,-0.4736736092984604,-0.4894421904510968,True,True,True,False,True,False,True,True,False,False,False,False,False,False,False,False,True,False
1.266989801811655,-0.3693648410115938,0.020727176659648322,-0.47454519624983954,-0.4736736092984604,-0.3997582667846179,False,True,False,True,False,True,False,False,True,False,False,False,False,False,False,True,False,True
-0.7892723355548015,0.8273772438659699,2.1562544688658143,-0.47454519624983954,-0.4736736092984604,-0.5228315422126077,True,True,True,False,True,False,True,True,False,False,False,False,False,False,False,False,True,False
1.266989801811655,-0.3693648410115938,0.43405503966729336,-0.47454519624983954,-0.4736736092984604,-0.3866707201133388,False,True,False,False,True,True,False,False,True,False,False,True,False,False,False,False,True,True
1.266989801811655,0.8273772438659699,,1.340131927606843,-0.4736736092984604,-0.18029017645086096,False,False,False,True,False,False,True,False,True,False,False,False,False,False,False,True,False,True
-0.7892723355548015,-1.5661069258891576,1.0884908227627315,-0.47454519624983954,-0.4736736092984604,-0.07458306872129913,True,True,True,False,True,False,False,True,False,False,True,False,False,False,False,False,True,False
-0.7892723355548015,0.8273772438659699,-0.9437045036915235,1.340131927606843,-0.4736736092984604,-0.2859972841804228,True,False,True,False,True,False,True,True,False,False,False,False,False,False,False,False,True,False
-0.7892723355548015,0.8273772438659699,,-0.47454519624983954,-0.4736736092984604,-0.4894421904510968,True,True,True,False,True,False,True,True,False,False,False,False,False,False,False,False,True,False
1.266989801811655,0.8273772438659699,1.054046834178761,-0.47454519624983954,-0.4736736092984604,-0.4863374216869257,True,True,True,False,True,False,True,True,False,False,False,False,False,False,False,False,True,True
-0.7892723355548015,-1.5661069258891576,1.054046834178761,-0.47454519624983954,-0.4736736092984604,0.06635974158478332,True,True,True,False,True,False,False,True,False,False,False,False,False,False,False,False,True,False
-0.7892723355548015,-0.3693648410115938,-0.11704877767623337,-0.47454519624983954,-0.4736736092984604,-0.3866707201133388,True,True,True,False,True,True,False,True,False,False,False,False,False,False,False,False,True,False
-0.7892723355548015,-0.3693648410115938,-0.3237127091800559,-0.47454519624983954,-0.4736736092984604,-0.3866707201133388,True,True,True,False,True,True,False,True,False,False,False,False,False,False,False,False,True,False
-0.7892723355548015,-0.3693648410115938,0.43405503966729336,-0.47454519624983954,-0.4736736092984604,-0.3866707201133388,True,True,True,False,True,True,False,True,False,False,False,False,False,False,False,False,True,False
1.266989801811655,-0.3693648410115938,-0.3926006863479967,-0.47454519624983954,-0.4736736092984604,-0.3866707201133388,False,True,False,False,True,True,False,False,True,False,False,False,False,True,False,False,True,True
1.266989801811655,-0.3693648410115938,0.7096069483390568,-0.47454519624983954,-0.4736736092984604,-0.3866707201133388,False,True,False,False,True,True,False,False,True,False,False,False,False,False,False,False,True,True
1.266989801811655,0.8273772438659699,,0.4327933656785018,-0.4736736092984604,-0.32425318983493084,False,False,False,False,True,False,True,False,True,False,False,False,False,False,False,False,True,True
-0.7892723355548015,0.8273772438659699,0.8473829026749384,-0.47454519624983954,-0.4736736092984604,-0.47400492578514347,True,True,True,False,True,False,True,True,False,False,False,False,False,False,False,False,True,False
-0.7892723355548015,0.8273772438659699,-0.4614886635159376,-0.47454519624983954,-0.4736736092984604,-0.4626791642426904,True,True,True,False,True,False,True,True,False,False,False,False,False,False,False,False,True,False
-0.7892723355548015,-1.5661069258891576,,-0.47454519624983954,-0.4736736092984604,0.05629239799149171,True,True,True,False,True,False,False,True,False,False,True,False,False,False,False,False,True,False
-0.7892723355548015,0.8273772438659699,-0.3237127091800559,0.4327933656785018,-0.4736736092984604,-0.29002422161773944,True,False,True,False,True,False,True,True,False,False,False,False,False,False,False,False,True,False
-0.7892723355548015,0.8273772438659699,,-0.47454519624983954,-0.4736736092984604,-0.5029485386158568,True,True,True,False,False,False,True,True,False,False,False,False,False,False,False,False,False,False
-0.7892723355548015,0.8273772438659699,-0.11704877767623337,-0.47454519624983954,-0.4736736092984604,-0.45714212526638004,True,True,True,False,True,False,True,True,False,False,False,False,False,False,False,False,True,False
-0.7892723355548015,-0.3693648410115938,0.571830994003175,-0.47454519624983954,-0.4736736092984604,-0.3866707201133388,False,True,False,False,True,True,False,False,True,False,False,False,False,False,False,False,True,False
1.266989801811655,0.8273772438659699,,-0.47454519624983954,-0.4736736092984604,-0.48977642625839407,False,True,False,True,False,False,True,False,True,False,False,False,False,False,False,True,False,True
1.266989801811655,0.8273772438659699,,-0.47454519624983954,-0.4736736092984604,-0.48977642625839407,False,True,False,True,False,False,True,False,True,False,False,False,False,False,False,True,False,True
-0.7892723355548015,-0.3693648410115938,-0.04816080050829252,0.4327933656785018,-0.4736736092984604,-0.09027201697708476,True,False,True,False,False,True,False,True,False,False,False,False,False,False,False,False,False,False
-0.7892723355548015,0.8273772438659699,0.36516706249935255,-0.47454519624983954,-0.4736736092984604,-0.5064721088735089,True,True,True,False,True,False,True,True,False,False,False,False,False,False,False,False,True,False
-0.7892723355548015,0.8273772438659699,,0.4327933656785018,-0.4736736092984604,-0.3363340021468808,True,False,True,True,False,False,True,True,False,False,False,False,False,False,False,True,False,False
-0.7892723355548015,0.8273772438659699,0.020727176659648322,-0.47454519624983954,-0.4736736092984604,-0.5024451714361923,True,True,True,False,True,False,True,True,False,False,False,False,False,False,False,False,True,False
1.266989801811655,0.8273772438659699,,-0.47454519624983954,-0.4736736092984604,-0.5028639729296732,False,True,False,False,False,False,True,False,True,False,False,False,False,False,False,False,False,True
1.266989801811655,0.8273772438659699,,-0.47454519624983954,-0.4736736092984604,-0.49237782784290063,False,True,False,True,False,False,True,False,True,False,False,False,False,False,False,True,False,True
1.266989801811655,-1.5661069258891576,-0.3237127091800559,0.4327933656785018,-0.4736736092984604,0.4678796330534696,True,False,True,False,False,False,False,True,False,False,False,False,True,False,False,False,False,True
-0.7892723355548015,0.8273772438659699,-0.8059285493556418,0.4327933656785018,-0.4736736092984604,-0.5176307525123133,True,False,True,False,True,False,True,True,False,False,False,False,False,False,False,False,True,False
-0.7892723355548015,0.8273772438659699,-0.7370405721877009,-0.47454519624983954,-0.4736736092984604,-0.4863374216869257,True,True,True,False,True,False,True,True,False,False,False,False,False,False,False,False,True,False
1.266989801811655,0.8273772438659699,-0.5303766406838785,-0.47454519624983954,-0.4736736092984604,-0.5024451714361923,False,True,False,False,True,False,True,False,True,False,False,False,False,False,False,False,True,True
-0.7892723355548015,0.8273772438659699,-0.6681525950197601,-0.47454519624983954,-0.4736736092984604,-0.5676312212027554,True,True,True,False,False,False,True,True,False,False,False,False,False,False,False,False,False,False
-0.7892723355548015,0.8273772438659699,-0.7370405721877009,-0.47454519624983954,-0.4736736092984604,-0.4918744606632361,True,True,True,False,True,False,True,True,False,False,False,False,False,False,False,False,True,False
-0.7892723355548015,0.8273772438659699,0.15850313099553,-0.47454519624983954,-0.4736736092984604,-0.4888542575852486,True,True,True,False,True,False,True,True,False,False,False,False,False,False,False,False,True,False
1.266989801811655,-1.5661069258891576,0.36516706249935255,0.4327933656785018,-0.4736736092984604,0.39858208016340624,False,False,False,False,True,False,False,False,True,False,False,False,False,False,False,False,True,True
-0.7892723355548015,0.8273772438659699,,-0.47454519624983954,-0.4736736092984604,-0.4894421904510968,True,True,True,False,True,False,True,True,False,False,False,False,False,False,False,False,True,False
1.266989801811655,-0.3693648410115938,0.43405503966729336,-0.47454519624983954,-0.4736736092984604,-0.3866707201133388,False,True,False,False,True,True,False,False,True,False,False,False,False,False,False,False,True,True
-0.7892723355548015,0.8273772438659699,,-0.47454519624983954,-0.4736736092984604,-0.49279662933638163,True,True,True,True,False,False,True,True,False,False,False,False,False,False,False,True,False,False
1.266989801811655,-0.3693648410115938,-0.8748165265235827,-0.47454519624983954,-0.4736736092984604,-0.40680540729992204,False,True,False,False,False,True,False,False,True,False,False,False,False,False,False,False,False,True
1.266989801811655,0.8273772438659699,-0.5992646178518193,-0.47454519624983954,-0.4736736092984604,-0.49145565916975514,True,True,True,False,True,False,True,True,False,False,False,False,False,False,False,False,True,True
-0.7892723355548015,0.8273772438659699,-0.11704877767623337,1.340131927606843,-0.4736736092984604,-0.4888542575852486,True,False,True,False,True,False,True,True,False,False,False,False,False,False,False,False,True,False
-0.7892723355548015,0.8273772438659699,-0.5303766406838785,-0.47454519624983954,-0.4736736092984604,-0.49145565916975514,True,True,True,False,True,False,True,True,False,False,False,False,False,False,False,False,True,False
-0.7892723355548015,0.8273772438659699,0.08961515382758917,-0.47454519624983954,-0.4736736092984604,-0.4902797934380587,False,True,False,False,True,False,True,False,True,False,False,False,False,False,False,False,True,False
-0.7892723355548015,-0.3693648410115938,1.122934811346702,-0.47454519624983954,-0.4736736092984604,-0.12491978668775715,True,True,True,False,True,True,False,True,False,False,False,False,False,False,False,False,True,False
-0.7892723355548015,-0.3693648410115938,-0.4614886635159376,-0.47454519624983954,-0.4736736092984604,-0.43700743807979686,True,True,True,False,True,True,False,True,False,False,False,False,False,False,False,False,True,False
1.266989801811655,-0.3693648410115938,-0.11704877767623337,-0.47454519624983954,-0.4736736092984604,-0.393717860628643,False,True,False,False,True,True,False,False,True,False,False,False,False,False,False,False,True,True
1.266989801811655,0.8273772438659699,0.6407189711711159,-0.47454519624983954,-0.4736736092984604,-0.4888542575852486,True,True,True,False,True,False,True,True,False,False,False,False,False,False,False,False,True,True
-0.7892723355548015,0.8273772438659699,-0.25482473201211503,-0.47454519624983954,-0.4736736092984604,-0.4863374216869257,True,True,True,False,True,False,True,True,False,False,False,False,False,False,False,False,True,False
-0.7892723355548015,0.8273772438659699,-0.5992646178518193,0.4327933656785018,-0.4736736092984604,-0.4505983519307405,False,False,False,False,True,False,True,False,True,False,False,False,False,False,False,False,True,False
-0.7892723355548015,0.8273772438659699,-0.11704877767623337,0.4327933656785018,-0.4736736092984604,-0.32928686163157667,True,False,True,False,True,False,True,True,False,False,False,False,False,False,False,False,True,False
-0.7892723355548015,0.8273772438659699,-0.6681525950197601,-0.47454519624983954,-0.4736736092984604,-0.47400492578514347,False,True,False,False,True,False,True,False,True,False,False,False,False,False,False,False,True,False
-0.7892723355548015,-0.3693648410115938,0.2962790853314117,0.4327933656785018,-0.4736736092984604,-0.22559322262067316,True,False,True,False,True,True,False,True,False,False,False,False,False,False,False,False,True,False
-0.7892723355548015,0.8273772438659699,1.4673746971864061,-0.47454519624983954,-0.4736736092984604,-0.49237782784290063,True,True,True,False,True,False,True,True,False,False,False,False,False,False,False,False,True,False
-0.7892723355548015,0.8273772438659699,-0.5992646178518193,-0.47454519624983954,-0.4736736092984604,-0.4918744606632361,True,True,True,False,True,False,True,True,False,False,False,False,False,False,False,False,True,False
-0.7892723355548015,0.8273772438659699,,-0.47454519624983954,-0.4736736092984604,-0.4894421904510968,True,True,True,False,True,False,True,True,False,False,False,False,False,False,False,False,True,False
-0.7892723355548015,0.8273772438659699,,-0.47454519624983954,-0.4736736092984604,-0.5103319284071769,True,True,True,True,False,False,True,True,False,False,False,False,False,False,False,True,False,False
-0.7892723355548015,-0.3693648410115938,,-0.47454519624983954,-0.4736736092984604,-0.6484216535389205,True,True,True,False,True,True,False,True,False,False,False,False,False,False,False,False,True,False
1.266989801811655,0.8273772438659699,0.9851588570108202,-0.47454519624983954,-0.4736736092984604,-0.4888542575852486,True,True,True,False,True,False,True,True,False,False,False,False,False,False,False,False,True,True
-0.7892723355548015,0.8273772438659699,,-0.47454519624983954,-0.4736736092984604,-0.4863374216869257,False,True,False,False,True,False,True,False,True,False,False,False,False,False,False,False,True,False
-0.7892723355548015,-0.3693648410115938,0.020727176659648322,-0.47454519624983954,-0.4736736092984604,-0.3866707201133388,True,True,True,False,True,True,False,True,False,False,False,False,False,False,False,False,True,False
-0.7892723355548015,0.8273772438659699,,-0.47454519624983954,-0.4736736092984604,-0.4894421904510968,True,True,True,False,False,False,True,True,False,False,False,False,False,False,False,False,False,False
-0.7892723355548015,0.8273772438659699,-0.5992646178518193,-0.47454519624983954,-0.4736736092984604,-0.49271407711891657,True,True,True,True,False,False,True,True,False,False,False,False,False,False,False,True,False,False
-0.7892723355548015,0.8273772438659699,-0.04816080050829252,-0.47454519624983954,-0.4736736092984604,-0.4898609919445778,True,True,True,False,True,False,True,True,False,False,False,False,False,False,False,False,True,False
-0.7892723355548015,0.8273772438659699,,-0.47454519624983954,-0.4736736092984604,-0.5024451714361923,True,True,True,False,True,False,True,True,False,False,False,False,False,False,False,False,True,False
1.266989801811655,-0.3693648410115938,-0.11704877767623337,0.4327933656785018,-0.4736736092984604,-0.12491978668775715,False,False,False,False,True,True,False,False,True,False,False,False,False,False,False,False,True,True
1.266989801811655,-0.3693648410115938,-0.7370405721877009,-0.47454519624983954,-0.4736736092984604,-0.12491978668775715,False,True,False,False,True,True,False,False,True,False,False,False,False,False,False,False,True,True
-0.7892723355548015,0.8273772438659699,,-0.47454519624983954,-0.4736736092984604,-0.49237782784290063,True,True,True,True,False,False,True,True,False,False,False,False,False,False,False,True,False,False
1.266989801811655,0.8273772438659699,0.15850313099553,-0.47454519624983954,-0.4736736092984604,-0.4863374216869257,True,True,True,False,True,False,True,True,False,False,False,False,True,False,False,False,True,True
1.266989801811655,-1.5661069258891576,-0.11704877767623337,-0.47454519624983954,-0.4736736092984604,-0.11384570873513637,True,True,True,False,True,False,False,True,False,False,True,False,False,False,False,False,True,True
1.266989801811655,0.8273772438659699,,0.4327933656785018,-0.4736736092984604,-0.32425318983493084,False,False,False,False,True,False,True,False,True,False,False,False,False,False,False,False,True,True
1.266989801811655,-0.3693648410115938,0.8473829026749384,0.4327933656785018,-0.4736736092984604,-0.12491978668775715,False,False,False,False,True,True,False,False,True,False,False,False,False,False,False,False,True,True
-0.7892723355548015,0.8273772438659699,-0.8748165265235827,-0.47454519624983954,-0.4736736092984604,-0.5049620073345151,True,True,True,False,True,False,True,True,False,False,False,False,False,False,False,False,True,False
-0.7892723355548015,-1.5661069258891576,1.3984867200184652,0.4327933656785018,-0.4736736092984604,0.4771073601910807,True,False,True,False,True,False,False,True,False,False,False,False,True,False,False,False,True,False
-0.7892723355548015,-0.3693648410115938,0.08961515382758917,-0.47454519624983954,-0.4736736092984604,-0.43700743807979686,True,True,True,False,True,True,False,True,False,False,False,False,False,False,False,False,True,False
-0.7892723355548015,0.8273772438659699,-0.6681525950197601,-0.47454519624983954,-0.4736736092984604,-0.45714212526638004,True,True,True,False,True,False,True,True,False,False,False,False,False,False,False,False,True,False
-0.7892723355548015,0.8273772438659699,-0.3237127091800559,0.4327933656785018,-0.4736736092984604,-0.4918744606632361,True,False,True,False,True,False,True,True,False,False,False,False,False,False,False,False,True,False
1.266989801811655,-0.3693648410115938,-0.11704877767623337,-0.47454519624983954,-0.4736736092984604,-0.3866707201133388,False,True,False,False,True,True,False,False,True,False,False,False,False,False,False,False,True,True
1.266989801811655,0.8273772438659699,,-0.47454519624983954,-0.4736736092984604,-0.48507900373776425,True,True,True,False,True,False,True,True,False,False,False,False,False,False,False,False,True,True
1.266989801811655,-1.5661069258891576,0.2962790853314117,-0.47454519624983954,-0.4736736092984604,-0.11384570873513637,True,True,True,False,True,False,False,True,False,False,False,False,False,False,False,False,True,True
1.266989801811655,-1.5661069258891576,1.5362626743543468,-0.47454519624983954,-0.4736736092984604,-0.034313694348132716,True,True,True,False,True,False,False,True,False,False,True,False,False,False,False,False,True,True
-0.7892723355548015,0.8273772438659699,,0.4327933656785018,-0.4736736092984604,-0.2463983948905696,True,False,True,False,True,False,True,True,False,False,False,False,False,False,False,False,True,False
-0.7892723355548015,-1.5661069258891576,0.020727176659648322,-0.47454519624983954,-0.4736736092984604,-0.08968408411123653,True,True,True,False,False,False,False,True,False,False,True,False,False,False,False,False,False,False
-0.7892723355548015,0.8273772438659699,,-0.47454519624983954,-0.4736736092984604,-0.4863374216869257,True,True,True,False,True,False,True,True,False,False,False,False,False,False,False,False,True,False
1.266989801811655,0.8273772438659699,-0.04816080050829252,-0.47454519624983954,-0.4736736092984604,-0.4894421904510968,True,True,True,False,False,False,True,True,False,False,False,False,False,False,False,False,False,True
1.266989801811655,-1.5661069258891576,,0.4327933656785018,-0.4736736092984604,0.395813560675251,False,False,False,False,True,False,False,False,True,False,False,True,False,False,False,False,True,True
1.266989801811655,-0.3693648410115938,1.3984867200184652,-0.47454519624983954,-0.4736736092984604,-0.43700743807979686,False,True,False,False,True,True,False,False,True,False,False,False,False,False,False,False,True,True
-0.7892723355548015,0.8273772438659699,,-0.47454519624983954,-0.4736736092984604,-0.49237782784290063,True,True,True,True,False,False,True,True,False,False,False,False,False,False,False,True,False,False
1.266989801811655,-1.5661069258891576,1.2607107656825836,-0.47454519624983954,-0.4736736092984604,-0.11384570873513637,True,True,True,False,True,False,False,True,False,False,False,False,True,False,False,False,True,True
-0.7892723355548015,0.8273772438659699,0.2962790853314117,-0.47454519624983954,-0.4736736092984604,-0.4863374216869257,True,True,True,False,True,False,True,True,False,False,False,False,False,False,False,False,True,False
-0.7892723355548015,-1.5661069258891576,1.1918227885146426,-0.47454519624983954,-0.4736736092984604,0.12676380314453292,True,True,True,False,True,False,False,True,False,False,False,False,True,False,False,False,True,False
-0.7892723355548015,-0.3693648410115938,1.2607107656825836,-0.47454519624983954,-0.4736736092984604,-0.3866707201133388,True,True,True,False,True,True,False,True,False,False,False,False,False,False,False,False,True,False
-0.7892723355548015,0.8273772438659699,,-0.47454519624983954,-0.4736736092984604,-0.4863374216869257,True,True,True,False,True,False,True,True,False,False,False,False,False,False,False,False,True,False
-0.7892723355548015,0.8273772438659699,0.571830994003175,-0.47454519624983954,-0.4736736092984604,-0.5064721088735089,True,True,True,False,True,False,True,True,False,False,False,False,False,False,False,False,True,False
-0.7892723355548015,-0.3693648410115938,,-0.47454519624983954,-0.4736736092984604,-0.6484216535389205,True,True,True,False,True,True,False,True,False,False,False,False,False,False,False,False,True,False
-0.7892723355548015,-1.5661069258891576,1.8118145830261103,-0.47454519624983954,-0.4736736092984604,-0.11384570873513637,True,True,True,False,True,False,False,True,False,False,False,False,False,False,False,False,True,False
-0.7892723355548015,0.8273772438659699,,-0.47454519624983954,-0.4736736092984604,-0.4928811950225652,True,True,True,True,False,False,True,True,False,False,False,False,False,False,False,True,False,False
-0.7892723355548015,0.8273772438659699,,-0.47454519624983954,-0.4736736092984604,-0.5024451714361923,True,True,True,False,True,False,True,True,False,False,False,False,False,False,False,False,True,False
-0.7892723355548015,0.8273772438659699,0.571830994003175,-0.47454519624983954,-0.4736736092984604,-0.47400492578514347,True,True,True,False,True,False,True,True,False,False,False,False,False,False,False,False,True,False
1.266989801811655,-0.3693648410115938,-0.4614886635159376,-0.47454519624983954,-0.4736736092984604,-0.3707300882677209,False,True,False,False,False,True,False,False,True,False,False,True,False,False,False,False,False,True
-0.7892723355548015,0.8273772438659699,-0.5303766406838785,-0.47454519624983954,-0.4736736092984604,-0.45034666834090825,False,True,False,False,True,False,True,False,True,False,False,False,False,False,False,False,True,False
-0.7892723355548015,-1.5661069258891576,,-0.47454519624983954,-0.4736736092984604,0.39858208016340624,True,True,True,False,True,False,False,True,False,False,False,False,False,False,False,False,True,False
-0.7892723355548015,-0.3693648410115938,0.2962790853314117,0.4327933656785018,-0.4736736092984604,-0.22559322262067316,True,False,True,False,True,True,False,True,False,False,False,False,False,False,False,False,True,False
-0.7892723355548015,0.8273772438659699,-0.04816080050829252,0.4327933656785018,-0.4736736092984604,-0.5065566745596926,True,False,True,False,True,False,True,True,False,False,False,False,False,False,False,False,True,False
-0.7892723355548015,0.8273772438659699,-0.5303766406838785,-0.47454519624983954,-0.4736736092984604,-0.4969926981460655,True,True,True,False,True,False,True,True,False,False,False,False,False,False,False,False,True,False
-0.7892723355548015,-0.3693648410115938,,-0.47454519624983954,-0.4736736092984604,-0.6484216535389205,True,True,True,False,True,True,False,True,False,False,False,False,False,False,False,False,True,False
-0.7892723355548015,0.8273772438659699,1.3984867200184652,-0.47454519624983954,-0.4736736092984604,-0.4863374216869257,True,True,True,False,True,False,True,True,False,False,False,False,False,False,False,False,True,False
1.266989801811655,0.8273772438659699,2.294030423201696,-0.47454519624983954,-0.4736736092984604,-0.455380340137554,False,True,False,False,True,False,True,False,True,False,False,False,False,False,False,False,True,True
-0.7892723355548015,-1.5661069258891576,1.949590537361992,-0.47454519624983954,-0.4736736092984604,-0.05042144409739929,True,True,True,False,False,False,False,True,False,True,False,False,False,False,False,False,False,False
-0.7892723355548015,0.8273772438659699,0.020727176659648322,-0.47454519624983954,-0.4736736092984604,-0.4863374216869257,True,True,True,False,True,False,True,True,False,False,False,False,False,False,False,False,True,False
-0.7892723355548015,0.8273772438659699,,0.4327933656785018,-0.4736736092984604,-0.2463983948905696,True,False,True,False,True,False,True,True,False,False,False,False,False,False,False,False,True,False
-0.7892723355548015,0.8273772438659699,-0.5992646178518193,-0.47454519624983954,-0.4736736092984604,-0.5024451714361923,True,True,True,False,True,False,True,True,False,False,False,False,False,False,False,False,True,False
-0.7892723355548015,-1.5661069258891576,1.7429266058581694,-0.47454519624983954,-0.4736736092984604,-0.034313694348132716,True,True,True,False,True,False,False,True,False,False,True,False,False,False,False,False,True,False
-0.7892723355548015,0.8273772438659699,-0.5992646178518193,-0.47454519624983954,-0.4736736092984604,-0.4863374216869257,True,True,True,False,True,False,True,True,False,False,False,False,False,False,False,False,True,False
-0.7892723355548015,0.8273772438659699,,-0.47454519624983954,-0.4736736092984604,-0.3573083057891445,True,True,True,False,False,False,True,True,False,False,False,False,False,False,False,False,False,False
-0.7892723355548015,0.8273772438659699,,-0.47454519624983954,-0.4736736092984604,-0.3443878770215141,True,True,True,False,True,False,True,True,False,False,False,False,False,False,False,False,True,False
-0.7892723355548015,0.8273772438659699,-0.3926006863479967,-0.47454519624983954,-0.4736736092984604,-0.49145565916975514,True,True,True,False,True,False,True,True,False,False,False,False,False,False,False,False,True,False
-0.7892723355548015,0.8273772438659699,-0.8748165265235827,-0.47454519624983954,-0.4736736092984604,-0.47400492578514347,True,True,True,False,True,False,True,True,False,False,False,False,False,False,False,False,True,False
-0.7892723355548015,0.8273772438659699,-0.5992646178518193,-0.47454519624983954,-0.4736736092984604,-0.49237782784290063,False,True,False,True,False,False,True,False,True,False,False,False,False,False,False,True,False,False
-0.7892723355548015,0.8273772438659699,,-0.47454519624983954,-0.4736736092984604,-0.4948100980550399,False,True,False,True,False,False,True,False,True,False,False,False,False,False,False,True,False,False
-0.7892723355548015,0.8273772438659699,0.5029430168352342,-0.47454519624983954,-0.4736736092984604,-0.455380340137554,False,True,False,False,True,False,True,False,True,False,False,False,False,False,False,False,True,False
1.266989801811655,-1.5661069258891576,,-0.47454519624983954,-0.4736736092984604,-0.11384570873513637,True,True,True,False,True,False,False,True,False,False,False,False,False,False,False,False,True,True
-0.7892723355548015,0.8273772438659699,-0.11704877767623337,-0.47454519624983954,-0.4736736092984604,-0.1948878246611338,True,True,True,False,True,False,True,True,False,False,False,False,False,False,False,False,True,False
1.266989801811655,0.8273772438659699,-0.25482473201211503,-0.47454519624983954,-0.4736736092984604,0.48910360681684706,True,True,True,False,True,False,True,True,False,False,False,False,False,False,False,False,True,True
1.266989801811655,0.8273772438659699,-0.04816080050829252,-0.47454519624983954,-0.4736736092984604,-0.49237782784290063,True,True,True,True,False,False,True,True,False,False,False,False,False,False,False,True,False,True
-0.7892723355548015,0.8273772438659699,,-0.47454519624983954,-0.4736736092984604,-0.4863374216869257,True,True,True,False,True,False,True,True,False,False,False,False,False,False,False,False,True,False
1.266989801811655,-1.5661069258891576,0.43405503966729336,-0.47454519624983954,-0.4736736092984604,-0.11913106412161445,True,True,True,False,True,False,False,True,False,False,False,False,True,False,False,False,True,True
1.266989801811655,-1.5661069258891576,1.6740386286902287,0.4327933656785018,-0.4736736092984604,0.5475787653441219,False,False,False,False,False,False,False,False,True,False,False,False,False,False,False,False,False,True
-0.7892723355548015,0.8273772438659699,-0.3926006863479967,-0.47454519624983954,-0.4736736092984604,-0.4974960653257301,True,True,True,False,True,False,True,True,False,False,False,False,False,False,False,False,True,False
-0.7892723355548015,-1.5661069258891576,1.1918227885146426,-0.47454519624983954,-0.4736736092984604,0.036576512298389464,True,True,True,False,True,False,False,True,False,False,False,True,False,False,False,False,True,False
1.266989801811655,-0.3693648410115938,0.2962790853314117,-0.47454519624983954,-0.4736736092984604,-0.43700743807979686,False,True,False,False,True,True,False,False,True,False,False,False,False,True,False,False,True,True
-0.7892723355548015,0.8273772438659699,,-0.47454519624983954,-0.4736736092984604,-0.1621689579829361,True,True,True,True,False,False,True,True,False,False,False,False,False,False,False,True,False,False
1.266989801811655,-0.3693648410115938,0.43405503966729336,0.4327933656785018,-0.4736736092984604,-0.12491978668775715,False,False,False,False,True,True,False,False,True,False,False,False,False,False,False,False,True,True
-0.7892723355548015,0.8273772438659699,0.15850313099553,-0.47454519624983954,-0.4736736092984604,-0.4894421904510968,True,True,True,False,True,False,True,True,False,False,False,False,False,False,False,False,True,False
-0.7892723355548015,0.8273772438659699,-0.5303766406838785,-0.47454519624983954,-0.4736736092984604,-0.4894421904510968,True,True,True,False,True,False,True,True,False,False,False,False,False,False,False,False,True,False
-0.7892723355548015,0.8273772438659699,,-0.47454519624983954,-0.4736736092984604,-0.5029485386158568,True,True,True,False,False,False,True,True,False,False,False,False,False,False,False,False,False,False
-0.7892723355548015,0.8273772438659699,,-0.47454519624983954,-0.4736736092984604,-0.5028639729296732,True,True,True,False,False,False,True,True,False,False,False,False,False,False,False,False,False,False
-0.7892723355548015,0.8273772438659699,0.7440509369230272,-0.47454519624983954,-0.4736736092984604,-0.49237782784290063,True,True,True,True,False,False,True,True,False,False,False,False,False,False,False,True,False,False
1.266989801811655,-0.3693648410115938,1.3984867200184652,-0.47454519624983954,-0.4736736092984604,-0.43700743807979686,False,True,False,False,True,True,False,False,True,False,False,False,False,False,False,False,True,True
-0.7892723355548015,0.8273772438659699,0.6407189711711159,-0.47454519624983954,-0.4736736092984604,-0.4888542575852486,True,True,True,False,True,False,True,True,False,False,False,False,False,False,False,False,True,False
-0.7892723355548015,0.8273772438659699,,-0.47454519624983954,-0.4736736092984604,-0.5028639729296732,True,True,True,False,False,False,True,True,False,False,False,False,False,False,False,False,False,False
-0.7892723355548015,0.8273772438659699,0.020727176659648322,-0.47454519624983954,-0.4736736092984604,-0.47400492578514347,False,True,False,False,True,False,True,False,True,False,False,False,False,False,False,False,True,False
-0.7892723355548015,-1.5661069258891576,1.054046834178761,-0.47454519624983954,-0.4736736092984604,-0.11384570873513637,True,True,True,False,True,False,False,True,False,True,False,False,False,False,False,False,True,False
-0.7892723355548015,0.8273772438659699,,-0.47454519624983954,-0.4736736092984604,-0.35646868933346404,True,True,True,False,True,False,True,True,False,False,False,False,False,False,False,False,True,False
1.266989801811655,-0.3693648410115938,0.15850313099553,0.4327933656785018,-0.4736736092984604,-0.12491978668775715,True,False,True,False,True,True,False,True,False,False,False,False,False,False,False,False,True,True
-0.7892723355548015,-1.5661069258891576,2.362918400369637,-0.47454519624983954,-0.4736736092984604,-0.12491978668775715,True,True,True,False,True,False,False,True,False,False,False,False,False,False,False,False,True,False
1.266989801811655,-0.3693648410115938,-0.7370405721877009,0.4327933656785018,-0.4736736092984604,-0.12491978668775715,False,False,False,False,True,True,False,False,True,False,False,False,False,False,False,False,True,True
1.266989801811655,-0.3693648410115938,,-0.47454519624983954,-0.4736736092984604,-0.3693045524149108,True,True,True,False,False,True,False,True,False,False,False,False,False,False,False,False,False,True
-0.7892723355548015,-0.3693648410115938,-0.1859367548441742,-0.47454519624983954,-0.4736736092984604,-0.12491978668775715,True,True,True,False,True,True,False,True,False,False,False,False,False,False,False,False,True,False
-0.7892723355548015,0.8273772438659699,,-0.47454519624983954,-0.4736736092984604,-0.49078316061772326,True,True,True,True,False,False,True,True,False,False,False,False,False,False,False,True,False,False
1.266989801811655,0.8273772438659699,-0.5303766406838785,-0.47454519624983954,-0.4736736092984604,-0.5029485386158568,True,True,True,False,False,False,True,True,False,False,False,False,False,False,False,False,False,True
1.266989801811655,0.8273772438659699,-0.5303766406838785,-0.47454519624983954,-0.4736736092984604,-0.4918744606632361,False,True,False,False,True,False,True,False,True,False,False,False,False,False,False,False,True,True
-0.7892723355548015,-1.5661069258891576,2.225142446033755,-0.47454519624983954,-0.4736736092984604,-0.11384570873513637,True,True,True,False,True,False,False,True,False,False,False,False,False,False,False,False,True,False
1.266989801811655,-1.5661069258891576,1.2607107656825836,0.4327933656785018,-0.4736736092984604,0.1489119590497745,False,False,False,False,False,False,False,False,True,False,False,False,False,False,False,False,False,True
1.266989801811655,0.8273772438659699,0.43405503966729336,0.4327933656785018,-0.4736736092984604,-0.29807809649237277,False,False,False,False,True,False,True,False,True,False,False,False,False,False,False,False,True,True
-0.7892723355548015,0.8273772438659699,,-0.47454519624983954,-0.4736736092984604,-0.49237782784290063,True,True,True,True,False,False,True,True,False,False,False,False,False,False,False,True,False,False
-0.7892723355548015,0.8273772438659699,0.7096069483390568,-0.47454519624983954,-0.4736736092984604,-0.4894421904510968,True,True,True,False,True,False,True,True,False,False,False,False,False,False,False,False,True,False
-0.7892723355548015,-0.3693648410115938,-0.11704877767623337,-0.47454519624983954,-0.4736736092984604,-0.3766033765200472,True,True,True,False,True,True,False,True,False,False,False,False,False,False,False,False,True,False
-0.7892723355548015,0.8273772438659699,,-0.47454519624983954,-0.4736736092984604,-0.4863374216869257,True,True,True,False,True,False,True,True,False,False,False,False,False,False,False,False,True,False
-0.7892723355548015,0.8273772438659699,,-0.47454519624983954,-0.4736736092984604,-0.4863374216869257,False,True,False,False,True,False,True,False,True,False,False,False,False,False,False,False,True,False
-0.7892723355548015,0.8273772438659699,-0.3926006863479967,1.340131927606843,-0.4736736092984604,-0.1621689579829361,True,False,True,False,True,False,True,True,False,False,False,False,False,False,False,False,True,False
-0.7892723355548015,0.8273772438659699,-0.7370405721877009,-0.47454519624983954,-0.4736736092984604,-0.4894421904510968,True,True,True,False,True,False,True,True,False,False,False,False,False,False,False,False,True,False
-0.7892723355548015,0.8273772438659699,,-0.47454519624983954,-0.4736736092984604,-0.5028639729296732,True,True,True,False,False,False,True,True,False,False,False,False,False,False,False,False,False,False
1.266989801811655,0.8273772438659699,0.15850313099553,-0.47454519624983954,-0.4736736092984604,-0.4902797934380587,True,True,True,False,True,False,True,True,False,False,False,False,False,False,False,False,True,True
1.266989801811655,-0.3693648410115938,2.225142446033755,-0.47454519624983954,-0.4736736092984604,-0.43700743807979686,True,True,True,False,True,True,False,True,False,False,False,False,False,False,False,False,True,True
1.266989801811655,-1.5661069258891576,1.6051506515222878,1.340131927606843,-0.4736736092984604,0.38809593507663365,False,False,False,False,True,False,False,False,True,False,True,False,False,False,False,False,True,True
1.266989801811655,-1.5661069258891576,0.43405503966729336,-0.47454519624983954,-0.4736736092984604,-0.11711759540295616,True,True,True,False,True,False,False,True,False,False,False,False,True,False,False,False,True,True
1.266989801811655,0.8273772438659699,,-0.47454519624983954,-0.4736736092984604,-0.49237782784290063,False,True,False,True,False,False,True,False,True,False,False,False,False,False,False,True,False,True
-0.7892723355548015,0.8273772438659699,-0.9437045036915235,-0.47454519624983954,-0.4736736092984604,-0.4863374216869257,True,True,True,False,True,False,True,True,False,False,False,False,False,False,False,False,True,False
-0.7892723355548015,0.8273772438659699,-0.7370405721877009,-0.47454519624983954,-0.4736736092984604,-0.35646868933346404,True,True,True,False,True,False,True,True,False,False,False,False,False,False,False,False,True,False
1.266989801811655,-0.3693648410115938,0.2962790853314117,-0.47454519624983954,-0.4736736092984604,-0.3866707201133388,False,True,False,False,True,True,False,False,True,False,False,False,False,False,False,False,True,True
1.266989801811655,-1.5661069258891576,0.6407189711711159,0.4327933656785018,-0.4736736092984604,0.4771073601910807,False,False,False,False,True,False,False,False,True,False,False,False,True,False,False,False,True,True
-0.7892723355548015,0.8273772438659699,,0.4327933656785018,-0.4736736092984604,-0.3573083057891445,False,False,False,False,False,False,True,False,True,False,False,False,False,False,False,False,False,False
1.266989801811655,0.8273772438659699,0.15850313099553,-0.47454519624983954,-0.4736736092984604,-0.4888542575852486,True,True,True,False,True,False,True,True,False,False,False,False,False,False,False,False,True,True
-0.7892723355548015,-0.3693648410115938,1.6740386286902287,-0.47454519624983954,-0.4736736092984604,-0.12491978668775715,True,True,True,False,True,True,False,True,False,False,False,False,False,False,False,False,True,False
-0.7892723355548015,-1.5661069258891576,0.43405503966729336,-0.47454519624983954,-0.4736736092984604,0.15948266982273065,True,True,True,False,False,False,False,True,False,False,False,False,False,False,False,False,False,False
-0.7892723355548015,0.8273772438659699,,-0.47454519624983954,-0.4736736092984604,-0.47299819142581434,True,True,True,False,False,False,True,True,False,False,False,False,False,False,False,False,False,False
-0.7892723355548015,-0.3693648410115938,1.1918227885146426,-0.47454519624983954,-0.4736736092984604,-0.3464013457401724,True,True,True,False,True,True,False,True,False,False,False,False,False,False,False,False,True,False
-0.7892723355548015,0.8273772438659699,-0.5303766406838785,-0.47454519624983954,-0.4736736092984604,-0.4863374216869257,True,True,True,False,True,False,True,True,False,False,False,False,False,False,False,False,True,False
-0.7892723355548015,0.8273772438659699,,-0.47454519624983954,-0.4736736092984604,-0.4863374216869257,True,True,True,False,True,False,True,True,False,False,False,False,False,False,False,False,True,False
-0.7892723355548015,0.8273772438659699,0.36516706249935255,-0.47454519624983954,-0.4736736092984604,-0.5049620073345151,True,True,True,False,True,False,True,True,False,False,False,False,False,False,False,False,True,False
-0.7892723355548015,0.8273772438659699,1.1918227885146426,-0.47454519624983954,-0.4736736092984604,-0.5024451714361923,True,True,True,False,True,False,True,True,False,False,False,False,False,False,False,False,True,False
-0.7892723355548015,-0.3693648410115938,0.5029430168352342,0.4327933656785018,-0.4736736092984604,-0.12491978668775715,True,False,True,False,True,True,False,True,False,False,False,False,False,False,False,False,True,False
1.266989801811655,-0.3693648410115938,,-0.47454519624983954,-0.4736736092984604,0.016023023618325298,False,True,False,False,True,True,False,False,True,False,False,False,False,False,False,False,True,True
-0.7892723355548015,0.8273772438659699,1.3295987428505243,-0.47454519624983954,-0.4736736092984604,-0.6484216535389205,True,True,True,False,True,False,True,True,False,False,False,False,False,False,False,False,True,False
-0.7892723355548015,0.8273772438659699,,-0.47454519624983954,-0.4736736092984604,-0.5029485386158568,True,True,True,False,False,False,True,True,False,False,False,False,False,False,False,False,False,False
1.266989801811655,-1.5661069258891576,1.3295987428505243,0.4327933656785018,-0.4736736092984604,0.49782998024351216,True,False,True,False,False,False,False,True,False,False,False,False,False,False,False,False,False,True
-0.7892723355548015,0.8273772438659699,,-0.47454519624983954,-0.4736736092984604,-0.4894421904510968,True,True,True,False,True,False,True,True,False,False,False,False,False,False,False,False,True,False
-0.7892723355548015,-1.5661069258891576,,-0.47454519624983954,-0.4736736092984604,0.2052890831722074,True,True,True,False,True,False,False,True,False,False,False,False,False,False,False,False,True,False
-0.7892723355548015,0.8273772438659699,0.9851588570108202,-0.47454519624983954,-0.4736736092984604,-0.4863374216869257,True,True,True,False,True,False,True,True,False,False,False,False,False,False,False,False,True,False
1.266989801811655,-1.5661069258891576,0.36516706249935255,-0.47454519624983954,-0.4736736092984604,-0.11384570873513637,True,True,True,False,False,False,False,True,False,False,False,False,False,False,False,False,False,True
-0.7892723355548015,0.8273772438659699,0.43405503966729336,0.4327933656785018,-0.4736736092984604,-0.3353272677875516,True,False,True,False,True,False,True,True,False,False,False,False,False,False,False,False,True,False
-0.7892723355548015,0.8273772438659699,0.020727176659648322,-0.47454519624983954,-0.4736736092984604,-0.4894421904510968,True,True,True,False,True,False,True,True,False,False,False,False,False,False,False,False,True,False
1.266989801811655,-1.5661069258891576,-0.1859367548441742,-0.47454519624983954,-0.4736736092984604,-0.034313694348132716,True,True,True,False,True,False,False,True,False,False,False,False,False,False,False,False,True,True
-0.7892723355548015,0.8273772438659699,,-0.47454519624983954,-0.4736736092984604,-0.5064721088735089,True,True,True,False,True,False,True,True,False,False,False,False,False,False,False,False,True,False
1.266989801811655,0.8273772438659699,,0.4327933656785018,-0.4736736092984604,-0.3363340021468808,False,False,False,True,False,False,True,False,True,False,False,False,False,False,False,True,False,True
-0.7892723355548015,0.8273772438659699,,-0.47454519624983954,-0.4736736092984604,-0.49237782784290063,True,True,True,True,False,False,True,True,False,False,False,False,False,False,False,True,False,False
-0.7892723355548015,0.8273772438659699,0.36516706249935255,-0.47454519624983954,-0.4736736092984604,-0.4863374216869257,True,True,True,False,True,False,True,True,False,False,False,False,False,False,False,False,True,False
-0.7892723355548015,0.8273772438659699,-0.25482473201211503,0.4327933656785018,-0.4736736092984604,-0.32425318983493084,False,False,False,False,True,False,True,False,True,False,False,False,False,False,False,False,True,False
-0.7892723355548015,-0.3693648410115938,-0.25482473201211503,-0.47454519624983954,-0.4736736092984604,-0.43700743807979686,True,True,True,False,True,True,False,True,False,False,False,False,False,False,False,False,True,False
-0.7892723355548015,0.8273772438659699,-0.1859367548441742,0.4327933656785018,-0.4736736092984604,-0.3573908580066095,True,False,True,False,False,False,True,True,False,False,False,False,False,False,False,False,False,False
1.266989801811655,-1.5661069258891576,0.8473829026749384,0.4327933656785018,-0.4736736092984604,0.40974072380221066,True,False,True,False,True,False,False,True,False,False,False,True,False,False,False,False,True,True
-0.7892723355548015,0.8273772438659699,-0.5992646178518193,-0.47454519624983954,-0.4736736092984604,-0.4902797934380587,True,True,True,False,True,False,True,True,False,False,False,False,False,False,False,False,True,False
-0.7892723355548015,0.8273772438659699,-0.5992646178518193,-0.47454519624983954,-0.4736736092984604,-0.32425318983493084,True,True,True,False,True,False,True,True,False,False,False,False,False,False,False,False,True,False
-0.7892723355548015,-1.5661069258891576,2.1562544688658143,-0.47454519624983954,-0.4736736092984604,0.002347544081197954,True,True,True,False,True,False,False,True,False,False,False,True,False,False,False,False,True,False
-0.7892723355548015,-0.3693648410115938,1.880702560194051,-0.47454519624983954,-0.4736736092984604,-0.3997582667846179,True,True,True,True,False,True,False,True,False,False,False,False,False,False,False,True,False,False
-0.7892723355548015,0.8273772438659699,-0.25482473201211503,-0.47454519624983954,-0.4736736092984604,-0.4894421904510968,True,True,True,False,True,False,True,True,False,False,False,False,False,False,False,False,True,False
-0.7892723355548015,0.8273772438659699,,-0.47454519624983954,-0.4736736092984604,-0.49271407711891657,True,True,True,True,False,False,True,True,False,False,False,False,False,False,False,True,False,False
-0.7892723355548015,0.8273772438659699,1.4673746971864061,-0.47454519624983954,-0.4736736092984604,-0.5063875431873253,True,True,True,False,True,False,True,True,False,False,False,False,False,False,False,False,True,False
1.266989801811655,-1.5661069258891576,0.15850313099553,-0.47454519624983954,-0.4736736092984604,-0.034313694348132716,True,True,True,False,False,False,False,True,False,True,False,False,False,False,False,False,False,True
-0.7892723355548015,-1.5661069258891576,,-0.47454519624983954,-0.4736736092984604,-0.6484216535389205,True,True,True,False,True,False,False,True,False,False,False,False,False,False,False,False,True,False
1.266989801811655,-0.3693648410115938,-0.11704877767623337,-0.47454519624983954,-0.4736736092984604,-0.3866707201133388,False,True,False,False,True,True,False,False,True,False,False,False,False,False,False,False,True,True
-0.7892723355548015,0.8273772438659699,0.15850313099553,-0.47454519624983954,-0.4736736092984604,-0.4888542575852486,True,True,True,False,True,False,True,True,False,False,False,False,False,False,False,False,True,False
-0.7892723355548015,0.8273772438659699,,0.4327933656785018,-0.4736736092984604,-0.32425318983493084,True,False,True,False,True,False,True,True,False,False,False,False,False,False,False,False,True,False
-0.7892723355548015,0.8273772438659699,-0.6681525950197601,-0.47454519624983954,-0.4736736092984604,-0.4902797934380587,True,True,True,False,True,False,True,True,False,False,False,False,False,False,False,False,True,False
1.266989801811655,0.8273772438659699,,-0.47454519624983954,-0.4736736092984604,0.48910360681684706,True,True,True,False,True,False,True,True,False,False,False,False,False,False,False,False,True,True
-0.7892723355548015,0.8273772438659699,-0.7370405721877009,-0.47454519624983954,-0.4736736092984604,-0.4894421904510968,True,True,True,False,True,False,True,True,False,False,False,False,False,False,False,False,True,False
1.266989801811655,-1.5661069258891576,1.8118145830261103,-0.47454519624983954,-0.4736736092984604,0.06635974158478332,True,True,True,False,False,False,False,True,False,False,False,False,False,False,False,False,False,True
-0.7892723355548015,0.8273772438659699,,-0.47454519624983954,-0.4736736092984604,-0.49640476528021726,True,True,True,False,True,False,True,True,False,False,False,False,False,False,False,False,True,False
1.266989801811655,0.8273772438659699,-0.4614886635159376,-0.47454519624983954,-0.4736736092984604,-0.49640476528021726,False,True,False,False,True,False,True,False,True,False,False,False,False,False,False,False,True,True
-0.7892723355548015,0.8273772438659699,,-0.47454519624983954,-0.4736736092984604,-0.4894421904510968,True,True,True,False,True,False,True,True,False,False,False,False,False,False,False,False,True,False
-0.7892723355548015,0.8273772438659699,-0.5992646178518193,-0.47454519624983954,-0.4736736092984604,-0.47861979608830835,True,True,True,False,True,False,True,True,False,False,False,False,False,False,False,False,True,False
1.266989801811655,0.8273772438659699,,-0.47454519624983954,-0.4736736092984604,-0.49078316061772326,False,True,False,True,False,False,True,False,True,False,False,False,False,False,False,True,False,True
-0.7892723355548015,0.8273772438659699,-0.8059285493556418,-0.47454519624983954,-0.4736736092984604,-0.5125125150294839,False,True,False,True,False,False,True,False,True,False,False,False,False,False,False,True,False,False
-0.7892723355548015,0.8273772438659699,,-0.47454519624983954,-0.4736736092984604,-0.4894421904510968,True,True,True,False,True,False,True,True,False,False,False,False,False,False,False,False,True,False
-0.7892723355548015,-0.3693648410115938,-0.4614886635159376,-0.47454519624983954,-0.4736736092984604,-0.3866707201133388,True,True,True,False,True,True,False,True,False,False,False,False,False,False,False,False,True,False
-0.7892723355548015,0.8273772438659699,0.7096069483390568,-0.47454519624983954,-0.4736736092984604,-0.5029485386158568,True,True,True,False,False,False,True,True,False,False,False,False,False,False,False,False,False,False
-0.7892723355548015,-1.5661069258891576,1.1918227885146426,-0.47454519624983954,-0.4736736092984604,-0.13322534515222276,True,True,True,False,True,False,False,True,False,False,False,False,True,False,False,False,True,False
-0.7892723355548015,0.8273772438659699,0.43405503966729336,-0.47454519624983954,-0.4736736092984604,-0.4974960653257301,True,True,True,False,True,False,True,True,False,False,False,False,False,False,False,False,True,False
1.266989801811655,0.8273772438659699,-0.6681525950197601,0.4327933656785018,-0.4736736092984604,-0.4888542575852486,True,False,True,False,True,False,True,True,False,False,False,False,False,False,False,False,True,True
-0.7892723355548015,-0.3693648410115938,-0.3237127091800559,-0.47454519624983954,-0.4736736092984604,-0.3866707201133388,True,True,True,False,True,True,False,True,False,False,False,False,False,False,False,False,True,False
-0.7892723355548015,0.8273772438659699,,-0.47454519624983954,-0.4736736092984604,-0.4918744606632361,True,True,True,False,True,False,True,True,False,False,False,False,False,False,False,False,True,False
-0.7892723355548015,0.8273772438659699,0.9162708798428792,-0.47454519624983954,-0.4736736092984604,-0.4863374216869257,True,True,True,False,True,False,True,True,False,False,False,False,False,False,False,False,True,False
1.266989801811655,-1.5661069258891576,,0.4327933656785018,-0.4736736092984604,0.39858208016340624,False,False,False,False,True,False,False,False,True,False,True,False,False,False,False,False,True,True
-0.7892723355548015,-1.5661069258891576,0.08961515382758917,0.4327933656785018,-0.4736736092984604,0.39858208016340624,True,False,True,False,True,False,False,True,False,True,False,False,False,False,False,False,True,False
1.266989801811655,-0.3693648410115938,0.08961515382758917,-0.47454519624983954,-0.4736736092984604,-0.3866707201133388,True,True,True,False,True,True,False,True,False,False,False,False,False,False,False,False,True,True
-0.7892723355548015,-0.3693648410115938,,-0.47454519624983954,-0.4736736092984604,-0.6484216535389205,True,True,True,False,True,True,False,True,False,False,False,False,False,False,False,False,True,False
-0.7892723355548015,0.8273772438659699,-0.8059285493556418,-0.47454519624983954,-0.4736736092984604,-0.4918744606632361,True,True,True,False,True,False,True,True,False,False,False,False,False,False,False,False,True,False
-0.7892723355548015,0.8273772438659699,-0.3581566977640263,-0.47454519624983954,-0.4736736092984604,-0.4863374216869257,True,True,True,False,True,False,True,True,False,False,False,False,False,False,False,False,True,False
1.266989801811655,0.8273772438659699,-0.8059285493556418,-0.47454519624983954,-0.4736736092984604,-0.45026210265472455,False,True,False,False,True,False,True,False,True,False,False,False,False,False,False,False,True,True
-0.7892723355548015,0.8273772438659699,,-0.47454519624983954,-0.4736736092984604,-0.48457563655809965,False,True,False,True,False,False,True,False,True,False,False,False,False,False,False,True,False,False
-0.7892723355548015,0.8273772438659699,-0.6681525950197601,-0.47454519624983954,-0.4736736092984604,-0.4626791642426904,True,True,True,False,True,False,True,True,False,False,False,False,False,False,False,False,True,False
-0.7892723355548015,0.8273772438659699,-0.7370405721877009,-0.47454519624983954,-0.4736736092984604,-0.44363577710162005,True,True,True,False,True,False,True,True,False,False,False,False,False,False,False,False,True,False
-0.7892723355548015,0.8273772438659699,-0.8059285493556418,-0.47454519624983954,-0.4736736092984604,-0.49145565916975514,True,True,True,False,True,False,True,True,False,False,False,False,False,False,False,False,True,False
1.266989801811655,-1.5661069258891576,0.08961515382758917,0.4327933656785018,-0.4736736092984604,0.49925551609632224,True,False,True,False,True,False,False,True,False,True,False,False,False,False,False,False,True,True
1.266989801811655,0.8273772438659699,,-0.47454519624983954,-0.4736736092984604,0.48910360681684706,True,True,True,False,True,False,True,True,False,False,False,False,False,False,False,False,True,True
-0.7892723355548015,0.8273772438659699,-0.3237127091800559,-0.47454519624983954,-0.4736736092984604,-0.5029485386158568,True,True,True,False,False,False,True,True,False,False,False,False,False,False,False,False,False,False
-0.7892723355548015,-1.5661069258891576,2.087366491697874,-0.47454519624983954,-0.4736736092984604,-0.11384570873513637,True,True,True,False,True,False,False,True,False,False,False,False,False,False,False,False,True,False
-0.7892723355548015,-0.3693648410115938,1.5362626743543468,-0.47454519624983954,-0.4736736092984604,-0.3766033765200472,True,True,True,False,True,True,False,True,False,False,False,False,False,False,False,False,True,False
-0.7892723355548015,0.8273772438659699,0.9851588570108202,-0.47454519624983954,-0.4736736092984604,-0.4863374216869257,True,True,True,False,True,False,True,True,False,False,False,False,False,False,False,False,True,False
1.266989801811655,0.8273772438659699,,-0.47454519624983954,-0.4736736092984604,-0.49271407711891657,False,True,False,True,False,False,True,False,True,False,False,False,False,False,False,True,False,True
-0.7892723355548015,0.8273772438659699,0.8473829026749384,-0.47454519624983954,-0.4736736092984604,-0.494391296561559,True,True,True,False,True,False,True,True,False,False,False,False,False,True,False,False,True,False
1.266989801811655,-1.5661069258891576,0.36516706249935255,-0.47454519624983954,-0.4736736092984604,-0.11913106412161445,True,True,True,False,True,False,False,True,False,False,False,False,True,False,False,False,True,True
-0.7892723355548015,0.8273772438659699,-0.3237127091800559,-0.47454519624983954,-0.4736736092984604,-0.4925449457465493,True,True,True,True,False,False,True,True,False,False,False,False,False,False,False,True,False,False
-0.7892723355548015,0.8273772438659699,-0.25482473201211503,0.4327933656785018,-0.4736736092984604,-0.4902797934380587,True,False,True,False,True,False,True,True,False,False,False,False,False,False,False,False,True,False
-0.7892723355548015,-0.3693648410115938,0.6407189711711159,-0.47454519624983954,-0.4736736092984604,-0.12491978668775715,True,True,True,False,True,True,False,True,False,False,False,False,False,False,False,False,True,False
1.266989801811655,-0.3693648410115938,1.054046834178761,-0.47454519624983954,-0.4736736092984604,-0.3766033765200472,False,True,False,False,True,True,False,False,True,False,False,False,False,False,False,False,True,True
1.266989801811655,-1.5661069258891576,0.8473829026749384,-0.47454519624983954,-0.4736736092984604,-0.11913106412161445,True,True,True,False,True,False,False,True,False,False,False,False,True,False,False,False,True,True
1.266989801811655,-1.5661069258891576,-0.3926006863479967,-0.47454519624983954,-0.4736736092984604,0.3483299278831318,False,True,False,False,False,False,False,False,True,False,True,False,False,False,False,False,False,True
-0.7892723355548015,-1.5661069258891576,,-0.47454519624983954,-0.4736736092984604,-0.11384570873513637,True,True,True,False,True,False,False,True,False,False,True,False,False,False,False,False,True,False
1.266989801811655,-1.5661069258891576,1.2607107656825836,0.4327933656785018,-0.4736736092984604,0.39858208016340624,True,False,True,False,True,False,False,True,False,False,True,False,False,False,False,False,True,True
-0.7892723355548015,0.8273772438659699,-0.04816080050829252,-0.47454519624983954,-0.4736736092984604,-0.457478374542396,True,True,True,False,True,False,True,True,False,False,False,False,False,False,False,False,True,False
-0.7892723355548015,-0.3693648410115938,1.5362626743543468,-0.47454519624983954,-0.4736736092984604,-0.3866707201133388,True,True,True,False,True,True,False,True,False,False,False,False,False,False,False,False,True,False
-0.7892723355548015,0.8273772438659699,-0.7370405721877009,-0.47454519624983954,-0.4736736092984604,-0.494391296561559,True,True,True,False,True,False,True,True,False,False,False,False,False,True,False,False,True,False
1.266989801811655,-0.3693648410115938,-0.1859367548441742,-0.47454519624983954,-0.4736736092984604,-0.43700743807979686,False,True,False,False,True,True,False,False,True,False,False,False,True,False,False,False,True,True
-0.7892723355548015,0.8273772438659699,,-0.47454519624983954,-0.4736736092984604,-0.3363340021468808,True,True,True,True,False,False,True,True,False,False,False,False,False,False,False,True,False,False
-0.7892723355548015,0.8273772438659699,0.22739110816347086,-0.47454519624983954,-0.4736736092984604,-0.4918744606632361,True,True,True,False,True,False,True,True,False,False,False,False,False,False,False,False,True,False
-0.7892723355548015,0.8273772438659699,-0.8748165265235827,0.4327933656785018,-0.4736736092984604,-0.5063875431873253,True,False,True,False,True,False,True,True,False,False,False,False,False,False,False,False,True,False
-0.7892723355548015,-0.3693648410115938,0.2962790853314117,-0.47454519624983954,-0.4736736092984604,-0.3866707201133388,True,True,True,False,True,True,False,True,False,False,False,False,False,False,False,False,True,False
-0.7892723355548015,-0.3693648410115938,1.3984867200184652,-0.47454519624983954,-0.4736736092984604,-0.3866707201133388,True,True,True,False,True,True,False,True,False,False,False,False,False,False,False,False,True,False
1.266989801811655,-1.5661069258891576,-0.1859367548441742,0.4327933656785018,-0.4736736092984604,0.4207302360686478,True,False,True,False,True,False,False,True,False,False,False,False,True,False,False,False,True,True
-0.7892723355548015,0.8273772438659699,-0.6681525950197601,-0.47454519624983954,-0.4736736092984604,-0.47400492578514347,True,True,True,False,True,False,True,True,False,False,False,False,False,False,False,False,True,False
1.266989801811655,0.8273772438659699,,-0.47454519624983954,-0.4736736092984604,-0.4926295114327329,False,True,False,True,False,False,True,False,True,False,False,False,False,False,False,True,False,True
-0.7892723355548015,-0.3693648410115938,-0.3237127091800559,0.4327933656785018,-0.4736736092984604,-0.12491978668775715,True,False,True,False,True,True,False,True,False,False,False,False,False,False,False,False,True,False
-0.7892723355548015,0.8273772438659699,-0.3237127091800559,0.4327933656785018,-0.4736736092984604,-0.4888542575852486,False,False,False,False,True,False,True,False,True,False,False,False,False,False,False,False,True,False
-0.7892723355548015,0.8273772438659699,-1.2881443895312277,-0.47454519624983954,-0.4736736092984604,-0.2701412180209885,False,True,True,False,False,False,True,False,False,False,False,False,False,False,False,False,False,False
-0.7892723355548015,-0.3693648410115938,,-0.47454519624983954,-0.4736736092984604,-0.6484216535389205,True,True,True,False,True,True,False,True,False,False,False,False,False,False,False,False,True,False
-0.7892723355548015,-0.3693648410115938,-0.4614886635159376,-0.47454519624983954,-0.4736736092984604,-0.3866707201133388,True,True,True,False,True,True,False,True,False,False,False,False,False,False,False,False,True,False
-0.7892723355548015,-0.3693648410115938,-0.4614886635159376,-0.47454519624983954,-0.4736736092984604,-0.3866707201133388,True,True,True,False,True,True,False,True,False,False,False,False,False,False,False,False,True,False
-0.7892723355548015,0.8273772438659699,-0.08260478909226295,-0.47454519624983954,-0.4736736092984604,-0.32425318983493084,True,True,True,False,True,False,True,True,False,False,False,False,False,False,False,False,True,False
-0.7892723355548015,0.8273772438659699,,-0.47454519624983954,-0.4736736092984604,-0.4894421904510968,True,True,True,False,True,False,True,True,False,False,False,False,False,False,False,False,True,False
-0.7892723355548015,0.8273772438659699,,-0.47454519624983954,-0.4736736092984604,-0.4894421904510968,True,True,True,False,True,False,True,True,False,False,False,False,False,False,False,False,True,False
1.266989801811655,-1.5661069258891576,,-0.47454519624983954,-0.4736736092984604,-0.04438103794142432,True,True,True,False,True,False,False,True,False,False,False,True,False,False,False,False,True,True
-0.7892723355548015,0.8273772438659699,-0.3926006863479967,0.4327933656785018,-0.4736736092984604,-0.32425318983493084,True,False,True,False,True,False,True,True,False,False,False,False,False,False,False,False,True,False
1.266989801811655,0.8273772438659699,0.08961515382758917,-0.47454519624983954,-0.4736736092984604,-0.4888542575852486,True,True,True,False,True,False,True,True,False,False,False,False,False,False,False,False,True,True
1.266989801811655,-0.3693648410115938,0.020727176659648322,-0.47454519624983954,-0.4736736092984604,-0.3866707201133388,False,True,False,False,True,True,False,False,True,False,False,False,False,False,False,False,True,True
-0.7892723355548015,-1.5661069258891576,-0.7370405721877009,0.4327933656785018,-0.4736736092984604,0.4207302360686478,True,False,True,False,True,False,False,True,False,False,False,True,False,False,False,False,True,False
-0.7892723355548015,0.8273772438659699,0.08961515382758917,-0.47454519624983954,-0.4736736092984604,-0.49237782784290063,True,True,True,True,False,False,True,True,False,False,False,False,False,False,False,True,False,False
-0.7892723355548015,0.8273772438659699,0.22739110816347086,-0.47454519624983954,-0.4736736092984604,-0.45714212526638004,True,True,True,False,True,False,True,True,False,False,False,False,False,False,False,False,True,False
-0.7892723355548015,0.8273772438659699,-0.4614886635159376,-0.47454519624983954,-0.4736736092984604,-0.4894421904510968,True,True,True,False,True,False,True,True,False,False,False,False,False,False,False,False,True,False
-0.7892723355548015,0.8273772438659699,-0.11704877767623337,-0.47454519624983954,-0.4736736092984604,-0.49145565916975514,True,True,True,False,True,False,True,True,False,False,False,False,False,False,False,False,True,False
-0.7892723355548015,-0.3693648410115938,-0.8059285493556418,-0.47454519624983954,-0.4736736092984604,-0.41687275089321363,True,True,True,False,True,True,False,True,False,False,False,False,False,False,False,False,True,False
-0.7892723355548015,0.8273772438659699,0.2962790853314117,-0.47454519624983954,-0.4736736092984604,-0.4863374216869257,True,True,True,False,True,False,True,True,False,False,False,False,False,False,False,False,True,False
-0.7892723355548015,0.8273772438659699,,-0.47454519624983954,-0.4736736092984604,-0.35646868933346404,True,True,True,False,True,False,True,True,False,False,False,False,False,False,False,False,True,False
-0.7892723355548015,0.8273772438659699,0.7784949255069976,-0.47454519624983954,-0.4736736092984604,-0.5049620073345151,True,True,True,False,True,False,True,True,False,False,False,False,False,False,False,False,True,False
1.266989801811655,0.8273772438659699,-0.6681525950197601,-0.47454519624983954,-0.4736736092984604,-0.5028639729296732,True,True,True,False,False,False,True,True,False,False,False,False,False,False,False,False,False,True
-0.7892723355548015,0.8273772438659699,-0.9437045036915235,-0.47454519624983954,-0.4736736092984604,-0.4918744606632361,True,True,True,False,True,False,True,True,False,False,False,False,False,False,False,False,True,False
-0.7892723355548015,-1.5661069258891576,,-0.47454519624983954,-0.4736736092984604,0.1489119590497745,True,True,True,False,False,False,False,True,False,False,False,False,False,False,False,False,False,False
-0.7892723355548015,0.8273772438659699,0.055171165243618744,-0.47454519624983954,-0.4736736092984604,-0.49237782784290063,False,True,False,True,False,False,True,False,True,False,False,False,False,False,False,True,False,False
-0.7892723355548015,0.8273772438659699,,0.4327933656785018,-0.4736736092984604,-0.1621689579829361,True,False,True,True,False,False,True,True,False,False,False,False,False,False,False,True,False,False
-0.7892723355548015,0.8273772438659699,0.15850313099553,-0.47454519624983954,-0.4736736092984604,-0.4800453319411184,True,True,True,False,True,False,True,True,False,False,False,False,False,False,False,False,True,False
-0.7892723355548015,0.8273772438659699,-0.3926006863479967,-0.47454519624983954,-0.4736736092984604,-0.45714212526638004,True,True,True,False,True,False,True,True,False,False,False,False,False,False,False,False,True,False
-0.7892723355548015,0.8273772438659699,1.2607107656825836,-0.47454519624983954,-0.4736736092984604,-0.4902797934380587,True,True,True,False,True,False,True,True,False,False,False,False,False,False,False,False,True,False
-0.7892723355548015,-0.3693648410115938,1.880702560194051,-0.47454519624983954,-0.4736736092984604,-0.43700743807979686,False,True,False,False,True,True,False,False,True,False,False,False,True,False,False,False,True,False
-0.7892723355548015,0.8273772438659699,,-0.47454519624983954,-0.4736736092984604,-0.5029485386158568,True,True,True,False,False,False,True,True,False,False,False,False,False,False,False,False,False,False
-0.7892723355548015,0.8273772438659699,-0.8059285493556418,-0.47454519624983954,-0.4736736092984604,-0.49237782784290063,True,True,True,False,True,False,True,True,False,False,False,False,False,False,False,False,True,False
-0.7892723355548015,0.8273772438659699,,-0.47454519624983954,-0.4736736092984604,-0.49237782784290063,True,True,True,True,False,False,True,True,False,False,False,False,False,True,False,True,False,False
1.266989801811655,0.8273772438659699,-1.7014722525388728,-0.47454519624983954,-0.4736736092984604,-0.397241430886295,False,True,False,False,True,False,True,False,False,False,False,False,False,False,False,False,True,True
-0.7892723355548015,0.8273772438659699,,-0.47454519624983954,-0.4736736092984604,-0.4926295114327329,True,True,True,True,False,False,True,True,False,False,False,False,False,False,False,True,False,False
1.266989801811655,0.8273772438659699,-1.150368435195346,-0.47454519624983954,-0.4736736092984604,-0.5028639729296732,False,True,False,False,False,False,True,False,False,False,False,False,False,False,False,False,False,True
1.266989801811655,-1.5661069258891576,-0.8748165265235827,0.4327933656785018,-0.4736736092984604,0.49925551609632224,False,False,False,False,True,False,False,False,True,True,False,False,False,False,False,False,True,True
-0.7892723355548015,-1.5661069258891576,-0.04816080050829252,-0.47454519624983954,-0.4736736092984604,-0.04438103794142432,True,True,True,False,True,False,False,True,False,False,False,True,False,False,False,False,True,False
-0.7892723355548015,0.8273772438659699,-0.3237127091800559,-0.47454519624983954,-0.4736736092984604,-0.5064721088735089,True,True,True,False,True,False,True,True,False,False,False,False,False,False,False,False,True,False
-0.7892723355548015,0.8273772438659699,-0.3237127091800559,-0.47454519624983954,-0.4736736092984604,-0.5024451714361923,True,True,True,False,True,False,True,True,False,False,False,False,False,False,False,False,True,False
1.266989801811655,0.8273772438659699,-0.8059285493556418,-0.47454519624983954,-0.4736736092984604,-0.4974960653257301,False,True,False,False,True,False,True,False,True,False,False,False,False,False,False,False,True,True
-0.7892723355548015,0.8273772438659699,,-0.47454519624983954,-0.4736736092984604,-0.49237782784290063,True,True,True,True,False,False,True,True,False,False,False,False,False,False,False,True,False,False
-0.7892723355548015,-0.3693648410115938,-0.9437045036915235,-0.47454519624983954,-0.4736736092984604,-0.12491978668775715,True,True,True,False,True,True,False,True,False,False,False,False,False,False,False,False,True,False
-0.7892723355548015,-1.5661069258891576,,-0.47454519624983954,-0.4736736092984604,-0.030371322596999754,True,True,True,False,False,False,False,True,False,False,False,False,False,False,False,False,False,False
-0.7892723355548015,0.8273772438659699,-0.3237127091800559,-0.47454519624983954,-0.4736736092984604,-0.4894421904510968,True,True,True,False,True,False,True,True,False,False,False,False,False,False,False,False,True,False
-0.7892723355548015,-0.3693648410115938,0.6407189711711159,-0.47454519624983954,-0.4736736092984604,-0.3866707201133388,True,True,True,False,True,True,False,True,False,False,False,False,False,False,False,False,True,False
1.266989801811655,-1.5661069258891576,1.3295987428505243,-0.47454519624983954,-0.4736736092984604,-0.1263453225405672,False,True,False,False,True,False,False,False,True,False,False,True,False,False,False,False,True,True
1.266989801811655,0.8273772438659699,0.08961515382758917,-0.47454519624983954,-0.4736736092984604,-0.4735861242916626,False,True,False,False,True,False,True,False,True,False,False,False,False,False,False,False,True,True
-0.7892723355548015,0.8273772438659699,0.020727176659648322,-0.47454519624983954,-0.4736736092984604,-0.5028639729296732,True,True,True,False,False,False,True,True,False,False,False,False,False,False,False,False,False,False
-0.7892723355548015,-0.3693648410115938,0.2962790853314117,-0.47454519624983954,-0.4736736092984604,-0.3866707201133388,True,True,True,False,True,True,False,True,False,False,False,False,False,False,False,False,True,False
1.266989801811655,0.8273772438659699,-0.1859367548441742,-0.47454519624983954,-0.4736736092984604,-0.5079822104125026,True,True,True,False,True,False,True,True,False,False,False,False,False,False,False,False,True,True
-0.7892723355548015,0.8273772438659699,0.08961515382758917,-0.47454519624983954,-0.4736736092984604,-0.4918744606632361,True,True,True,False,True,False,True,True,False,False,False,False,False,False,False,False,True,False
-0.7892723355548015,-1.5661069258891576,0.6407189711711159,-0.47454519624983954,-0.4736736092984604,-0.6484216535389205,True,True,True,False,True,False,False,True,False,False,False,False,False,False,False,False,True,False
-0.7892723355548015,0.8273772438659699,-0.8059285493556418,-0.47454519624983954,-0.4736736092984604,-0.4918744606632361,False,True,False,False,True,False,True,False,True,False,False,False,False,False,False,False,True,False
-0.7892723355548015,-0.3693648410115938,0.6407189711711159,-0.47454519624983954,-0.4736736092984604,-0.3866707201133388,True,True,True,False,True,True,False,True,False,False,False,False,False,False,False,False,True,False
1.266989801811655,-1.5661069258891576,0.22739110816347086,0.4327933656785018,-0.4736736092984604,0.4207302360686478,False,False,False,False,True,False,False,False,True,False,False,False,True,False,False,False,True,True
-0.7892723355548015,0.8273772438659699,-0.25482473201211503,-0.47454519624983954,-0.4736736092984604,-0.4896093083547455,True,True,True,False,True,False,True,True,False,False,False,False,False,False,False,False,True,False
-0.7892723355548015,0.8273772438659699,0.6407189711711159,-0.47454519624983954,-0.4736736092984604,-0.1621689579829361,True,True,True,False,True,False,True,True,False,False,False,False,False,False,False,False,True,False
-0.7892723355548015,-0.3693648410115938,0.36516706249935255,-0.47454519624983954,-0.4736736092984604,-0.43700743807979686,True,True,True,False,True,True,False,True,False,False,False,False,False,False,False,False,True,False
-0.7892723355548015,0.8273772438659699,0.055171165243618744,-0.47454519624983954,-0.4736736092984604,-0.4863374216869257,True,True,True,False,True,False,True,True,False,False,False,False,False,False,False,False,True,False
-0.7892723355548015,-1.5661069258891576,,-0.47454519624983954,-0.4736736092984604,-0.6484216535389205,True,True,True,False,True,False,False,True,False,True,False,False,False,False,False,False,True,False
-0.7892723355548015,0.8273772438659699,-0.4614886635159376,-0.47454519624983954,-0.4736736092984604,-0.4888542575852486,False,True,False,False,True,False,True,False,True,False,False,False,False,False,False,False,True,False
-0.7892723355548015,0.8273772438659699,0.9162708798428792,-0.47454519624983954,-0.4736736092984604,-0.5185529211854588,True,True,True,False,True,False,True,True,False,False,False,False,False,False,False,False,True,False
1.266989801811655,0.8273772438659699,-0.1859367548441742,-0.47454519624983954,-0.4736736092984604,-0.47400492578514347,True,True,True,False,True,False,True,True,False,False,False,False,False,False,False,False,True,True
-0.7892723355548015,-1.5661069258891576,0.571830994003175,-0.47454519624983954,-0.4736736092984604,-0.6484216535389205,True,True,True,False,True,False,False,True,False,False,False,False,False,False,False,False,True,False
-0.7892723355548015,0.8273772438659699,,-0.47454519624983954,-0.4736736092984604,-0.5084855775921673,True,True,True,True,False,False,True,True,False,False,False,False,False,False,False,True,False,False
-0.7892723355548015,0.8273772438659699,,-0.47454519624983954,-0.4736736092984604,0.48910360681684706,True,True,True,False,True,False,True,True,False,False,False,False,False,False,False,False,True,False
1.266989801811655,0.8273772438659699,,-0.47454519624983954,-0.4736736092984604,-0.49237782784290063,True,True,True,True,False,False,True,True,False,False,False,False,False,False,False,True,False,True
1.266989801811655,0.8273772438659699,-1.0125924808594644,0.4327933656785018,-0.4736736092984604,-0.3573908580066095,False,False,False,False,False,False,True,False,False,False,False,False,False,False,False,False,False,True
-0.7892723355548015,0.8273772438659699,,-0.47454519624983954,-0.4736736092984604,-0.5028639729296732,True,True,True,False,False,False,True,True,False,False,False,False,False,False,False,False,False,False
-0.7892723355548015,0.8273772438659699,-0.4614886635159376,-0.47454519624983954,-0.4736736092984604,-0.4902797934380587,True,True,True,False,True,False,True,True,False,False,False,False,False,False,False,False,True,False
-0.7892723355548015,0.8273772438659699,-0.8059285493556418,-0.47454519624983954,-0.4736736092984604,-0.48130374989027985,True,True,True,False,True,False,True,True,False,False,False,False,False,False,False,False,True,False
-0.7892723355548015,0.8273772438659699,-0.5992646178518193,-0.47454519624983954,-0.4736736092984604,-0.47400492578514347,True,True,True,False,True,False,True,True,False,False,False,False,False,False,False,False,True,False
-0.7892723355548015,0.8273772438659699,,-0.47454519624983954,-0.4736736092984604,-0.4863374216869257,True,True,True,False,True,False,True,True,False,False,False,False,False,False,False,False,True,False
1.266989801811655,0.8273772438659699,0.15850313099553,-0.47454519624983954,-0.4736736092984604,0.48910360681684706,True,True,True,False,True,False,True,True,False,False,False,False,False,False,False,False,True,True
1.266989801811655,-1.5661069258891576,,-0.47454519624983954,-0.4736736092984604,-0.05042144409739929,True,True,True,False,False,False,False,True,False,False,True,False,False,False,False,False,False,True
-0.7892723355548015,0.8273772438659699,-0.6681525950197601,-0.47454519624983954,-0.4736736092984604,-0.4888542575852486,True,True,True,False,True,False,True,True,False,False,False,False,False,False,False,False,True,False
-0.7892723355548015,-0.3693648410115938,-0.9437045036915235,-0.47454519624983954,-0.4736736092984604,-0.43700743807979686,True,True,True,False,True,True,False,True,False,False,False,False,False,False,False,False,True,False
1.266989801811655,-1.5661069258891576,0.020727176659648322,-0.47454519624983954,-0.4736736092984604,-0.024246350754841113,False,True,False,False,False,False,False,False,True,False,False,False,False,False,False,False,False,True
-0.7892723355548015,0.8273772438659699,0.33072307391538214,-0.47454519624983954,-0.4736736092984604,-0.5188046047752911,True,True,True,False,False,False,True,True,False,False,False,False,False,False,False,False,False,False
-0.7892723355548015,0.8273772438659699,-0.8748165265235827,-0.47454519624983954,-0.4736736092984604,-0.47400492578514347,True,True,True,False,True,False,True,True,False,False,False,False,False,False,False,False,True,False
-0.7892723355548015,0.8273772438659699,0.8473829026749384,-0.47454519624983954,-0.4736736092984604,-0.49640476528021726,True,True,True,False,True,False,True,True,False,False,False,False,False,False,False,False,True,False
-0.7892723355548015,0.8273772438659699,0.36516706249935255,-0.47454519624983954,-0.4736736092984604,-0.4894421904510968,True,True,True,False,False,False,True,True,False,False,False,False,False,False,False,False,False,False
-0.7892723355548015,-0.3693648410115938,0.9851588570108202,0.4327933656785018,-0.4736736092984604,-0.12491978668775715,False,False,False,False,True,True,False,False,True,False,False,False,False,False,False,False,True,False
1.266989801811655,-1.5661069258891576,1.4673746971864061,-0.47454519624983954,-0.4736736092984604,-0.11384570873513637,True,True,True,False,True,False,False,True,False,False,False,False,True,False,False,False,True,True
-0.7892723355548015,0.8273772438659699,,-0.47454519624983954,-0.4736736092984604,-0.5028639729296732,True,True,True,False,False,False,True,True,False,False,False,False,False,False,False,False,False,False
-0.7892723355548015,0.8273772438659699,0.7784949255069976,1.340131927606843,-0.4736736092984604,-0.36435544630444866,True,False,True,False,True,False,True,True,False,False,False,False,False,False,False,False,True,False
-0.7892723355548015,-0.3693648410115938,-0.5992646178518193,0.4327933656785018,-0.4736736092984604,-0.41687275089321363,True,False,True,False,True,True,False,True,False,False,False,False,False,False,False,False,True,False
1.266989801811655,-1.5661069258891576,1.2607107656825836,-0.47454519624983954,-0.4736736092984604,-0.1263453225405672,False,True,False,False,True,False,False,False,True,False,False,True,False,False,False,False,True,True
-0.7892723355548015,-0.3693648410115938,-0.3926006863479967,-0.47454519624983954,-0.4736736092984604,-0.3866707201133388,True,True,True,False,True,True,False,True,False,False,False,False,False,False,False,False,True,False
1.266989801811655,-0.3693648410115938,0.8473829026749384,-0.47454519624983954,-0.4736736092984604,-0.3866707201133388,False,True,False,False,True,True,False,False,True,False,False,False,False,False,False,False,True,True
1.266989801811655,-0.3693648410115938,-0.1859367548441742,0.4327933656785018,-0.4736736092984604,-0.3693891181010945,False,False,False,False,False,True,False,False,True,False,False,False,False,False,False,False,False,True
-0.7892723355548015,-1.5661069258891576,0.08961515382758917,-0.47454519624983954,-0.4736736092984604,0.3682954836973478,True,True,True,False,True,False,False,True,False,False,False,False,False,False,False,False,True,False
-0.7892723355548015,0.8273772438659699,,-0.47454519624983954,-0.4736736092984604,-0.45714212526638004,True,True,True,False,True,False,True,True,False,False,False,False,False,False,False,False,True,False
-0.7892723355548015,0.8273772438659699,-0.25482473201211503,-0.47454519624983954,-0.4736736092984604,-0.4894421904510968,True,True,True,False,True,False,True,True,False,False,False,False,False,False,False,False,True,False
-0.7892723355548015,-1.5661069258891576,0.22739110816347086,-0.47454519624983954,-0.4736736092984604,-0.5477482176060045,True,True,True,False,True,False,False,True,False,True,False,False,False,False,False,False,True,False
-0.7892723355548015,0.8273772438659699,1.1918227885146426,-0.47454519624983954,-0.4736736092984604,-0.46720946885967163,True,True,True,False,True,False,True,True,False,False,False,False,False,False,False,False,True,False
1.266989801811655,-0.3693648410115938,-0.11704877767623337,0.4327933656785018,-0.4736736092984604,-0.16518916106092355,False,False,False,False,False,True,False,False,True,False,False,False,False,False,False,False,False,True
1.266989801811655,0.8273772438659699,-1.0125924808594644,-0.47454519624983954,-0.4736736092984604,-0.5029485386158568,False,True,False,False,False,False,True,False,False,False,False,False,False,False,False,False,False,True
-0.7892723355548015,0.8273772438659699,-0.6681525950197601,-0.47454519624983954,-0.4736736092984604,-0.45017955043725955,True,True,True,False,True,False,True,True,False,False,False,False,False,False,False,False,True,False
-0.7892723355548015,0.8273772438659699,-0.7370405721877009,-0.47454519624983954,-0.4736736092984604,-0.4894421904510968,True,True,True,False,True,False,True,True,False,False,False,False,False,False,False,False,True,False
-0.7892723355548015,0.8273772438659699,,-0.47454519624983954,-0.4736736092984604,-0.4894421904510968,True,True,True,False,True,False,True,True,False,False,False,False,False,False,False,False,True,False
-0.7892723355548015,0.8273772438659699,0.22739110816347086,-0.47454519624983954,-0.4736736092984604,-0.4894421904510968,True,True,True,False,True,False,True,True,False,False,False,False,False,False,False,False,True,False
-0.7892723355548015,0.8273772438659699,-0.5303766406838785,-0.47454519624983954,-0.4736736092984604,-0.4366711888037809,False,True,False,False,True,False,True,False,True,False,False,False,False,False,False,False,True,False
-0.7892723355548015,-0.3693648410115938,-0.11704877767623337,-0.47454519624983954,-0.4736736092984604,-0.43700743807979686,True,True,True,False,True,True,False,True,False,False,False,False,False,False,False,False,True,False
-0.7892723355548015,0.8273772438659699,-0.3237127091800559,-0.47454519624983954,-0.4736736092984604,-0.5064721088735089,True,True,True,False,True,False,True,True,False,False,False,False,False,False,False,False,True,False
-0.7892723355548015,-0.3693648410115938,-0.1859367548441742,-0.47454519624983954,-0.4736736092984604,-0.3866707201133388,True,True,True,False,True,True,False,True,False,False,False,False,False,False,False,False,True,False
1.266989801811655,-1.5661069258891576,-0.7370405721877009,-0.47454519624983954,-0.4736736092984604,-0.04438103794142432,False,True,False,False,True,False,False,False,True,True,False,False,False,False,False,False,True,True
1.266989801811655,-1.5661069258891576,-0.25482473201211503,-0.47454519624983954,-0.4736736092984604,-0.04438103794142432,True,True,True,False,False,False,False,True,False,False,True,False,False,False,False,False,False,True
-0.7892723355548015,0.8273772438659699,0.15850313099553,-0.47454519624983954,-0.4736736092984604,-0.49237782784290063,True,True,True,True,False,False,True,True,False,False,False,False,False,False,False,True,False,False
